user_id,last_purchase_date,frequency,monetary,avg_transaction_value,avg_discount_rate,avg_app_time_min,recency_days,payment_method_count,recency_log,monetary_log,cluster,PCA1,PCA2
U0000,2024-05-23,80,4732976,59162.2,0.017499999999999998,16.7125,10,5,2.3978952727983707,15.37006494937943,0,-0.014805455985159274,-0.8249214729434975
U0001,2024-05-14,130,11387193,87593.7923076923,0.02,32.06923076923077,19,5,2.995732273553991,16.2479999486196,2,3.1698977308658387,-0.3548624767571816
U0002,2024-05-29,75,4777219,63696.253333333334,0.023333333333333334,7.293333333333333,4,5,1.6094379124341003,15.379369345320438,0,-0.27284873573093554,-1.1147742996486731
U0003,2024-05-23,104,4514605,43409.66346153846,0.020673076923076922,12.028846153846153,10,5,2.3978952727983707,15.322828476352129,0,-0.08857580059858727,-0.2969872429299628
U0004,2024-05-30,100,4537931,45379.31,0.1405,7.74,3,5,1.3862943611198906,15.327981959634952,1,-0.4164337563500726,0.8877342808293419
U0005,2024-05-25,68,2901326,42666.55882352941,0.011764705882352941,15.926470588235293,8,5,2.1972245773362196,14.880678776502958,0,-1.1420244139335367,-0.5651930275327012
U0006,2024-05-28,108,5818730,53877.12962962963,0.11203703703703703,21.38888888888889,5,5,1.791759469228055,15.57659275469606,1,0.7962959161960677,0.9691332545292658
U0007,2024-06-02,87,5214343,59934.97701149425,0.014942528735632184,13.632183908045977,0,5,0.0,15.466923847517124,0,0.6627288561112323,-0.1910993342615975
U0008,2024-02-06,67,3724951,55596.28358208955,0.011194029850746268,6.223880597014926,117,5,4.770684624465665,15.130564523806733,3,-1.6046793110459234,-2.1310645544867888
U0009,2024-05-27,97,4612235,47548.81443298969,0.16391752577319588,16.556701030927837,6,5,1.9459101490553132,15.344223329920533,1,-0.21919305067281133,1.2397382648958408
U0010,2023-07-01,36,1273229,35367.47222222222,0.019444444444444445,16.583333333333332,337,5,5.823045895483019,14.0570675367892,3,-3.711899455847606,-1.6697530374934253
U0011,2024-06-01,118,9423497,79860.14406779662,0.020762711864406782,23.677966101694917,1,5,0.6931471805599453,16.058716915203426,2,2.6785791018717746,0.006822321331678423
U0012,2024-05-21,90,5624290,62492.11111111111,0.013333333333333332,5.477777777777778,12,5,2.5649493574615367,15.542605453666045,0,-0.052257765922989835,-1.374188252790838
U0013,2024-05-27,79,6769505,85689.93670886075,0.032278481012658226,6.0,6,5,1.9459101490553132,15.727938673245294,0,0.5031594691728385,-1.667851980044517
U0014,2024-05-28,77,3378896,43881.76623376623,0.0071428571428571435,16.48051948051948,5,4,1.791759469228055,15.03305988284059,0,-0.623901724424771,-0.39210573049046726
U0015,2024-05-18,93,2874618,30909.870967741936,0.12311827956989246,11.150537634408602,15,5,2.772588722239781,14.871430701692676,1,-1.4932499493008742,0.7639002705802217
U0016,2024-05-30,95,4618240,48613.05263157895,0.020526315789473684,3.736842105263158,3,5,1.3862943611198906,15.345524454628858,0,-0.28841002758793266,-0.6076257760718248
U0017,2024-05-26,139,11502891,82754.61151079136,0.011510791366906475,15.16546762589928,7,5,2.0794415416798357,16.25810903997899,2,2.7618696242000853,-0.6703093032681537
U0018,2024-03-27,29,1309298,45148.206896551725,0.001724137931034483,8.379310344827585,67,4,4.219507705176107,14.085002437448654,3,-3.5886466776161807,-2.029058369240076
U0019,2024-05-29,103,2377972,23087.106796116506,0.14466019417475728,12.116504854368932,4,5,1.6094379124341003,14.681759002089349,1,-1.4156370906868958,1.740892964718872
U0020,2024-03-31,63,9111655,144629.44444444444,0.01507936507936508,12.746031746031745,63,5,4.1588830833596715,16.025065030982116,0,1.5479710365341854,-3.7246026317147245
U0021,2024-06-02,89,4329512,48646.20224719101,0.16853932584269662,21.202247191011235,0,5,0.0,15.28096562252168,1,0.1791719015750755,1.9542430598738085
U0022,2024-06-02,83,5248227,63231.65060240964,0.010240963855421687,27.301204819277107,0,5,0.0,15.4734010537843,0,1.261692471336239,0.23578823217333586
U0023,2024-06-02,94,2887760,30720.85106382979,0.11914893617021276,20.819148936170212,0,5,0.0,14.875992019337682,1,-0.4256374374025766,2.013649082720537
U0024,2024-05-28,94,3118176,33172.085106382976,0.00425531914893617,17.180851063829788,5,5,1.791759469228055,14.9527590941471,0,-0.5314723604176274,0.11436260832772686
U0025,2024-05-31,133,14442740,108592.03007518797,0.007518796992481203,29.992481203007518,2,5,1.0986122886681096,16.485702493360026,2,4.293094534418481,-0.43371807075222707
U0026,2024-06-01,101,5049611,49996.148514851484,0.11336633663366336,16.178217821782177,1,5,0.6931471805599453,15.434821966616669,1,0.41622091818199297,1.0974241838622973
U0027,2024-06-02,91,2431251,26717.043956043955,0.14560439560439561,20.615384615384617,0,5,0.0,14.703916908970664,1,-0.8489868775586565,2.347959640071284
U0028,2024-05-23,90,4361460,48460.666666666664,0.014444444444444446,17.166666666666668,10,5,2.3978952727983707,15.288317650937637,0,-0.08358470912966567,-0.4403569471413416
U0029,2024-05-29,82,3419224,41697.85365853659,0.00975609756097561,11.975609756097562,4,5,1.6094379124341003,15.044924475172138,0,-0.7114575710525398,-0.3916913963647305
U0030,2024-05-24,87,3193079,36702.057471264365,0.006321839080459771,15.620689655172415,9,5,2.302585092994046,14.976496526190443,0,-0.7686671416695193,-0.27687561891371487
U0031,2024-05-26,99,6064429,61256.85858585859,0.017676767676767676,25.464646464646464,7,5,2.0794415416798357,15.617951114080567,0,1.1706554559908473,-0.15982616591667856
U0032,2024-05-29,85,4996584,58783.34117647059,0.018823529411764708,10.011764705882353,4,5,1.6094379124341003,15.424265237047615,0,0.02399437005329589,-0.7982515638352766
U0033,2024-05-24,103,6218973,60378.3786407767,0.022815533980582524,10.300970873786408,9,5,2.302585092994046,15.643115499340833,0,0.5412367902887194,-0.7740258624481894
U0034,2024-06-01,100,3037688,30376.88,0.165,6.37,1,5,0.6931471805599453,14.926607586917441,1,-1.1547127892085847,1.6981470988005463
U0035,2024-05-31,98,6220551,63475.010204081635,0.14642857142857144,16.897959183673468,2,5,1.0986122886681096,15.643369206758377,1,0.7172520045795413,0.9498078294113186
U0036,2024-05-10,70,4009684,57281.2,0.019285714285714288,15.228571428571428,23,5,3.1780538303479458,15.204223242581294,0,-0.6988325417101595,-1.1790846182668608
U0037,2024-05-27,128,8264897,64569.5078125,0.005859375,16.890625,6,5,1.9459101490553132,15.927527947963286,2,1.899344378112863,-0.3186886121867603
U0038,2024-02-06,69,5591451,81035.52173913043,0.0014492753623188406,8.26086956521739,117,5,4.770684624465665,15.53674956095498,3,-0.46513239046597726,-2.7346269910476275
U0039,2024-06-01,97,2696782,27801.876288659794,0.14742268041237114,8.65979381443299,1,5,0.6931471805599453,14.807570139114691,1,-1.2601563581178685,1.6681434746911377
U0040,2024-05-31,102,4454850,43675.0,0.14362745098039217,16.333333333333332,2,5,1.0986122886681096,15.309504172760953,1,0.0012092428601559475,1.4557336291208123
U0041,2024-06-02,100,7376413,73764.13,0.017,25.59,0,5,0.0,15.813798170626097,2,2.1359955674419795,0.17934850578865805
U0042,2024-06-01,82,2431048,29646.926829268294,0.009146341463414634,17.817073170731707,1,4,0.6931471805599453,14.703833409409398,0,-0.8884000913939213,0.48263076752454837
U0043,2024-02-06,38,2338858,61548.89473684211,0.007894736842105263,7.526315789473684,117,4,4.770684624465665,14.665173761577405,3,-2.5730308420196892,-2.536379762142165
U0044,2024-06-02,81,5739859,70862.45679012345,0.011111111111111112,17.320987654320987,0,5,0.0,15.5629453777544,0,1.0375984415670454,-0.4062980017365542
U0045,2024-05-23,90,4424475,49160.833333333336,0.022222222222222223,21.177777777777777,10,5,2.3978952727983707,15.302662411333097,0,0.10140388135534298,-0.20582021930284783
U0046,2024-06-02,89,2957224,33227.23595505618,0.16685393258426967,15.820224719101123,0,4,0.0,14.899761886572266,1,-0.8018015777384145,2.123270764722643
U0047,2024-05-29,72,5555390,77158.19444444444,0.0076388888888888895,7.291666666666667,4,5,1.6094379124341003,15.53027936561752,0,0.15115168426878292,-1.628658345744241
U0048,2024-05-30,127,12846597,101154.30708661418,0.0011811023622047244,22.913385826771652,3,5,1.3862943611198906,16.368589587172096,2,3.5241839178531764,-0.8058220436994068
U0049,2024-05-29,154,8669003,56292.22727272727,0.023051948051948053,32.31818181818182,4,5,1.6094379124341003,15.975264463264905,2,3.044110678216853,1.1893565061220934
U0050,2024-04-28,45,2508863,55752.51111111111,0.007777777777777778,4.488888888888889,35,5,3.58351893845611,14.735340619016927,3,-2.330680241449301,-2.1066797949576217
U0051,2024-05-25,86,3126959,36359.98837209302,0.02674418604651163,14.290697674418604,8,5,2.1972245773362196,14.955571844544924,0,-0.9110968118402852,-0.10665167491033069
U0052,2024-05-21,95,2295826,24166.58947368421,0.16631578947368422,27.042105263157893,12,5,2.5649493574615367,14.646603685150703,1,-1.2217691844675744,2.18367402018119
U0053,2024-06-02,94,4167934,44339.72340425532,0.006382978723404255,28.95744680851064,0,4,0.0,15.24293126728414,0,0.9323264640839587,0.8894205455265791
U0054,2024-06-02,103,5708200,55419.41747572816,0.14320388349514562,22.16504854368932,0,5,0.0,15.557414470693983,1,1.0435204752418101,1.7497868333194595
U0055,2024-06-01,95,2855908,30062.18947368421,0.028421052631578948,6.673684210526316,1,4,0.6931471805599453,14.864900739188887,0,-0.9564371634236432,0.3254439422362207
U0056,2024-05-27,81,7095760,87601.97530864198,0.008641975308641976,15.481481481481481,6,5,1.9459101490553132,15.775008121457324,0,1.1170172562032439,-1.5013247282554314
U0057,2024-05-15,91,6419932,70548.7032967033,0.012087912087912088,7.230769230769231,18,5,2.9444389791664403,15.674918239474616,0,0.280457980166035,-1.6093969711440663
U0058,2024-05-27,87,5004000,57517.24137931035,0.009195402298850575,13.862068965517242,6,5,1.9459101490553132,15.425748350409046,0,0.16293999726685263,-0.7687450560879885
U0059,2024-06-01,98,3147345,32115.76530612245,0.17346938775510204,19.448979591836736,1,5,0.6931471805599453,14.962070115983225,1,-0.572574334696562,2.2809868772172015
U0060,2024-05-29,93,2004141,21549.90322580645,0.00967741935483871,9.24731182795699,4,5,1.6094379124341003,14.510726596959996,0,-1.6176059759898311,0.22315209934245742
U0061,2024-05-26,124,10243943,82612.44354838709,0.005241935483870968,34.16935483870968,7,5,2.0794415416798357,16.142197259672006,2,3.1531874020990323,-0.0900297033061561
U0062,2024-05-25,89,3477900,39077.52808988764,0.027528089887640453,15.348314606741573,8,5,2.1972245773362196,15.061939508856392,0,-0.6256345738470785,-0.09184013236316729
U0063,2024-05-19,106,2900680,27364.905660377357,0.1712264150943396,26.641509433962263,14,5,2.70805020110221,14.880456094975228,1,-0.7156028346926013,2.2077370879938947
U0064,2024-06-01,84,2731032,32512.285714285714,0.016071428571428573,7.095238095238095,1,4,0.6931471805599453,14.820190483868739,0,-1.141348570488762,0.01611939118465297
U0065,2024-05-19,91,4255213,46760.58241758242,0.1412087912087912,19.626373626373628,14,5,2.70805020110221,15.263655612496954,1,-0.4284049240772749,0.867796385666509
U0066,2024-05-31,81,3670475,45314.50617283951,0.014197530864197533,7.135802469135802,2,5,1.0986122886681096,15.11583191189288,0,-0.6890497336356353,-0.5155462622986348
U0067,2024-05-25,92,3060889,33270.532608695656,0.016304347826086956,11.293478260869565,8,5,2.1972245773362196,14.9342162813132,0,-0.9728589292574226,-0.1788004930096705
U0068,2024-05-30,103,6490921,63018.65048543689,0.0077669902912621365,3.6990291262135924,3,5,1.3862943611198906,15.685915143304983,0,0.5979641353131113,-0.9987270468724265
U0069,2024-05-30,111,6521223,58749.75675675676,0.1581081081081081,16.0990990990991,3,5,1.3862943611198906,15.690572646345103,1,0.82361722750887,1.22417532894723
U0070,2024-06-01,99,2776919,28049.68686868687,0.16313131313131313,9.747474747474747,1,5,0.6931471805599453,14.836852957807718,1,-1.1736663261097027,1.8868892221013545
U0071,2024-06-01,88,3858711,43848.98863636364,0.16818181818181818,13.784090909090908,1,5,0.6931471805599453,15.165844007001393,1,-0.5477738848505249,1.5273804949860865
U0072,2024-06-01,85,2643663,31101.917647058825,0.14,18.32941176470588,1,5,0.6931471805599453,14.7876763916968,1,-1.0297010263238429,1.7746938700411679
U0073,2024-05-27,94,2793783,29721.09574468085,0.1803191489361702,19.670212765957448,6,5,1.9459101490553132,14.842907507292333,1,-1.1285721405199056,1.9975666597201327
U0074,2024-05-30,102,3450112,33824.62745098039,0.1568627450980392,22.127450980392158,3,5,1.3862943611198906,15.053917542094343,1,-0.3378673677932197,2.026742748576853
U0075,2024-05-10,90,4817192,53524.35555555556,0.0,22.0,23,4,3.1780538303479458,15.387701951241109,0,0.21138686494957812,-0.7365897593219498
U0076,2024-05-28,97,5474794,56441.17525773196,0.002577319587628866,12.185567010309278,5,5,1.791759469228055,15.515665390043461,0,0.4366856040961987,-0.7097421616823478
U0077,2024-06-01,81,3543857,43751.32098765432,0.0018518518518518521,16.679012345679013,1,5,0.6931471805599453,15.080726522184285,0,-0.22106172108432684,-0.049859614838579536
U0078,2024-06-01,76,4828035,63526.77631578947,0.020394736842105264,9.43421052631579,1,5,0.6931471805599453,15.389950317675488,0,0.060847033095936455,-0.754295239136762
U0079,2024-06-01,48,2449003,51020.895833333336,0.01875,12.75,1,5,0.6931471805599453,14.711191969252694,0,-1.4211472218552543,-0.6069614343708551
U0080,2024-05-27,87,5932822,68193.35632183908,0.016666666666666666,19.873563218390803,6,5,1.9459101490553132,15.596010711659071,0,0.8172161819750867,-0.6948518739191304
U0081,2024-05-28,89,3207455,36038.8202247191,0.011235955056179775,8.696629213483146,5,5,1.791759469228055,14.980988657529046,0,-0.9375361562702896,-0.3357002921314467
U0082,2024-05-14,75,3434854,45798.05333333334,0.018000000000000002,23.906666666666666,19,5,2.995732273553991,15.049485270229418,0,-0.5791703127187918,-0.3995088183446996
U0083,2024-06-01,83,2708395,32631.265060240963,0.020481927710843374,17.686746987951807,1,4,0.6931471805599453,14.811867135705814,0,-0.718762137425399,0.5108639577115783
U0084,2024-05-25,79,3208304,40611.443037974685,0.0189873417721519,6.3924050632911396,8,5,2.1972245773362196,14.981253318262187,0,-1.2693568077456565,-0.7327709766503757
U0085,2024-05-25,84,3960949,47154.15476190476,0.01011904761904762,13.761904761904763,8,5,2.1972245773362196,15.191994453449402,0,-0.4417885858721815,-0.6102987684891563
U0086,2024-06-02,107,4403446,41153.700934579436,0.1378504672897196,16.869158878504674,0,5,0.0,15.29789820127467,1,0.3249318848958628,1.8894074565799766
U0087,2024-05-30,104,3002351,28868.759615384617,0.14951923076923077,11.173076923076923,3,5,1.3862943611198906,14.91490653946492,1,-1.014333045937888,1.6441707316717753
U0088,2024-05-24,72,3092238,42947.75,0.003472222222222222,17.416666666666668,9,5,2.302585092994046,14.94440598195063,0,-0.9133166504524943,-0.5748322529430233
U0089,2024-06-02,81,4158872,51344.0987654321,0.004320987654320987,14.0,0,5,0.0,15.240754682072227,0,0.14559074599206262,-0.13272529081593482
U0090,2024-05-12,69,3546380,51396.811594202896,0.016666666666666666,9.898550724637682,21,5,3.091042453358316,15.08143820485295,3,-1.1871210284921738,-1.2744835324786201
U0091,2024-02-14,40,2405842,60146.05,0.01875,20.925,109,4,4.700480365792417,14.693410919854822,3,-1.9543103162981872,-1.7674597400699223
U0092,2024-05-25,78,3626213,46489.91025641026,0.010256410256410256,9.974358974358974,8,5,2.1972245773362196,15.103699686757302,0,-0.8508227854717256,-0.8298742926137079
U0093,2024-05-27,119,8946420,75180.0,0.0008403361344537816,33.51260504201681,6,5,1.9459101490553132,16.006764122006246,2,2.7530640380126052,-0.010571749891555031
U0094,2024-05-30,98,2567652,26200.530612244896,0.09285714285714286,14.63265306122449,3,5,1.3862943611198906,14.758502810051244,1,-1.0719296334520878,1.2506018598658264
U0095,2024-02-03,37,2832630,76557.56756756757,0.012162162162162163,16.243243243243242,120,4,4.795790545596741,14.856716519711586,3,-1.7066663806953217,-2.4903335021164352
U0096,2024-06-02,78,3639510,46660.38461538462,0.014743589743589743,16.96153846153846,0,4,0.0,15.107359889929068,0,-0.06528527204699414,0.18644385553556855
U0097,2024-05-31,151,9482874,62800.49006622517,0.018543046357615896,19.741721854304636,2,5,1.0986122886681096,16.064998098296336,2,2.789897547332643,0.5423321535226172
U0098,2024-05-30,102,4387755,43017.205882352944,0.1323529411764706,19.19607843137255,3,5,1.3862943611198906,15.294328492632452,1,0.06262746195212833,1.4021230638839797
U0099,2024-06-01,79,3344935,42340.94936708861,0.010759493670886078,28.0126582278481,1,5,0.6931471805599453,15.022958118327047,0,0.11266953701387293,0.5513358844714142
U0100,2024-05-25,87,5538363,63659.34482758621,0.015517241379310346,6.0,8,5,2.1972245773362196,15.527209708252604,0,-0.012394397787536046,-1.2834100742515002
U0101,2024-05-31,81,3596683,44403.49382716049,0.008641975308641976,15.691358024691358,2,5,1.0986122886681096,15.095522867831704,0,-0.34179900563207427,-0.16806471777489326
U0102,2024-01-05,76,3338784,43931.36842105263,0.023026315789473683,21.81578947368421,149,5,5.0106352940962555,15.021117526316543,3,-1.1775260124488391,-0.9945833239468144
U0103,2024-05-29,87,4614227,53037.09195402299,0.027011494252873563,17.0,4,5,1.6094379124341003,15.344655131319412,0,0.14232577339531804,-0.2402347052595871
U0104,2024-06-01,153,15912576,104003.76470588235,0.00032679738562091506,19.81699346405229,1,5,0.6931471805599453,16.582620360799172,2,4.402782616108628,-0.45435119431434
U0105,2024-05-25,94,4068616,43283.14893617021,0.014893617021276595,16.659574468085108,8,5,2.1972245773362196,15.218813696232704,0,-0.1619465623968539,-0.21045097570362178
U0106,2024-05-05,93,4600802,49470.98924731183,0.013978494623655914,16.096774193548388,28,5,3.367295829986474,15.34174141144198,0,-0.19695655595543013,-0.7765687909778123
U0107,2024-05-31,79,5532616,70033.11392405063,0.008227848101265823,15.544303797468354,2,5,1.0986122886681096,15.52617149844695,0,0.6236812684492784,-0.8508431525638266
U0108,2024-05-28,91,2759968,30329.31868131868,0.15494505494505495,18.065934065934066,5,5,1.791759469228055,14.830730005746197,1,-1.1618927596210717,1.670725542440335
U0109,2024-05-31,97,2944758,30358.329896907217,0.1360824742268041,22.711340206185568,2,4,1.0986122886681096,14.895537538102973,1,-0.5517590033237518,1.9761953974371578
U0110,2024-06-02,137,13219417,96492.09489051095,0.0040145985401459855,14.664233576642335,0,5,0.0,16.39719736721297,2,3.6137618241523253,-0.4794450294413594
U0111,2024-01-27,65,2710016,41692.553846153845,0.010769230769230769,11.138461538461538,127,4,4.852030263919617,14.812465465898939,3,-2.096318548113227,-1.601037552682278
U0112,2024-06-02,38,2082666,54807.0,0.010526315789473684,13.81578947368421,0,4,0.0,14.549159841884753,0,-1.522851957161531,-0.6116609407369925
U0113,2024-05-27,92,3295885,35824.836956521736,0.1625,17.804347826086957,6,5,1.9459101490553132,15.008185582034702,1,-0.8911399358440637,1.5382386845648655
U0114,2024-05-31,106,5261222,49634.16981132075,0.019811320754716984,16.254716981132077,2,5,1.0986122886681096,15.47587406719345,0,0.7296064063636758,0.13738889286951247
U0115,2024-06-02,82,2786950,33987.19512195122,0.1329268292682927,14.670731707317072,0,5,0.0,14.840458724680534,1,-0.9626576675812795,1.6348006912075765
U0116,2024-05-26,99,5450288,55053.41414141414,0.0196969696969697,6.0,7,5,2.0794415416798357,15.511179192756453,0,0.0660502929401443,-0.8428008216309277
U0117,2024-05-16,86,3583248,41665.67441860465,0.009302325581395349,9.604651162790697,17,5,2.8903717578961645,15.091780488709166,0,-0.9577235290799945,-0.8416099390420188
U0118,2024-05-31,89,6046934,67943.0786516854,0.012359550561797755,12.101123595505618,2,5,1.0986122886681096,15.615062090065777,0,0.7354788870998122,-0.7913207705950136
U0119,2024-06-02,87,5572904,64056.36781609195,0.014367816091954023,14.620689655172415,0,5,0.0,15.53342701993231,0,0.8673067532850655,-0.25532762794254055
U0120,2024-06-02,102,4106222,40257.07843137255,0.13970588235294118,9.352941176470589,0,5,0.0,15.228014185850974,1,-0.21391565291989958,1.5367896355155517
U0121,2024-06-02,87,5180750,59548.85057471264,0.013218390804597701,8.022988505747126,0,5,0.0,15.460460584421961,0,0.4069344352391978,-0.4457001957348767
U0122,2024-05-19,111,4659242,41975.15315315315,0.1720720720720721,12.702702702702704,14,5,2.70805020110221,15.35436354655406,1,-0.37994483300900894,1.2443709140633836
U0123,2024-05-27,138,19392234,140523.4347826087,0.010144927536231885,18.905797101449274,6,5,1.9459101490553132,16.78038328617709,2,4.705545386191259,-1.8013215414976071
U0124,2023-12-10,50,2883972,57679.44,0.008,6.86,175,5,5.170483995038151,14.874679415345927,3,-2.271600513285122,-2.4854966693352303
U0125,2024-06-01,92,3820060,41522.391304347824,0.1831521739130435,23.967391304347824,1,5,0.6931471805599453,15.155776949041648,1,-0.11627949725633535,2.2346549474548576
U0126,2024-05-29,84,5002812,59557.28571428572,0.016666666666666666,8.892857142857142,4,5,1.6094379124341003,15.425510912198327,0,-0.023361686840951575,-0.9000870365609491
U0127,2024-05-25,50,1681341,33626.82,0.016,3.18,8,4,2.1972245773362196,14.335102842024728,3,-2.905360526480864,-1.0218613767249936
U0128,2024-05-31,83,3208225,38653.31325301205,0.016265060240963858,6.686746987951807,2,5,1.0986122886681096,14.981228694364942,0,-0.9610814471827516,-0.3103381344312462
U0129,2024-02-22,40,2934487,73362.175,0.008749999999999999,16.95,101,4,4.624972813284271,14.892043549689493,3,-1.5887679581723857,-2.340736047900851
U0130,2024-05-30,92,3639154,39556.02173913043,0.02282608695652174,11.369565217391305,3,5,1.3862943611198906,15.107262069806456,0,-0.4821776519940207,-0.04273073717099902
U0131,2024-05-29,124,12084378,97454.66129032258,0.010080645161290322,34.04032258064516,4,5,1.6094379124341003,16.30742418478369,2,3.7281781176326487,-0.2508814205723955
U0132,2024-05-31,128,24127032,188492.4375,0.008203125,28.75,2,5,1.0986122886681096,16.998843471068906,2,6.335294303264574,-2.3049040473719526
U0133,2023-09-12,24,1648548,68689.5,0.014583333333333335,5.416666666666667,264,3,5.579729825986222,14.315406065043682,3,-3.4187508522116885,-3.0648892274375825
U0134,2024-05-29,109,2814701,25822.94495412844,0.12844036697247707,21.798165137614678,4,5,1.6094379124341003,14.850366952495726,1,-0.5711921515047149,1.9978108568778443
U0135,2024-05-09,92,4596583,49962.858695652176,0.01847826086956522,15.054347826086957,24,5,3.2188758248682006,15.34082397689325,0,-0.23441583499376506,-0.7586242558841538
U0136,2024-05-23,88,4944417,56186.556818181816,0.027840909090909093,18.53409090909091,10,5,2.3978952727983707,15.413769821471341,0,0.19779016389092907,-0.4725099028020321
U0137,2024-05-18,91,2393389,26300.978021978022,0.015384615384615385,8.032967032967033,15,5,2.772588722239781,14.688221328956228,0,-1.6850527003758802,-0.30875404377921845
U0138,2024-06-01,73,3758638,51488.191780821915,0.0020547945205479454,10.356164383561644,1,5,0.6931471805599453,15.13956748175471,0,-0.44471257324773356,-0.6238754982669936
U0139,2024-04-25,85,9269770,109056.11764705883,0.017058823529411765,15.635294117647058,38,5,3.6635616461296463,16.042269233892785,0,1.5486588250892288,-2.380592477973615
U0140,2024-06-02,103,6602215,64099.17475728155,0.008252427184466019,13.233009708737864,0,5,0.0,15.70291590821845,0,1.3605598809736457,-0.17812697330921537
U0141,2024-05-21,82,3528696,43032.87804878049,0.018902439024390243,10.768292682926829,12,5,2.5649493574615367,15.076439238954222,0,-0.9364291257306253,-0.6827019070975696
U0142,2024-05-31,76,5492163,72265.30263157895,0.011184210526315791,14.026315789473685,2,5,1.0986122886681096,15.518832907041046,0,0.5219643457389157,-0.9780815993140198
U0143,2024-05-12,84,4672921,55630.01190476191,0.0011904761904761906,11.0,21,5,3.091042453358316,15.357295129910472,0,-0.3740198109569833,-1.3102773465104476
U0144,2024-06-01,85,3693799,43456.458823529414,0.13823529411764707,20.870588235294118,1,5,0.6931471805599453,15.122166296423948,1,-0.2792754995877346,1.5218585264674975
U0145,2024-06-01,120,7893968,65783.06666666667,0.0,28.241666666666667,1,5,0.6931471805599453,15.881609608164029,2,2.4886139354103762,0.3707169385283277
U0146,2024-05-24,90,3425346,38059.4,0.017222222222222222,16.155555555555555,9,5,2.302585092994046,15.046713338415172,0,-0.6024822839642362,-0.14832251319026912
U0147,2024-05-23,89,5493467,61724.348314606745,0.012359550561797755,20.123595505617978,10,5,2.3978952727983707,15.51907030804012,0,0.5635349730741043,-0.6800307233903518
U0148,2024-05-30,82,6365922,77633.19512195123,0.02378048780487805,17.79268292682927,3,5,1.3862943611198906,15.66646979124364,0,0.9955561488522314,-0.8343518649263078
U0149,2024-05-28,91,4918213,54046.296703296706,0.004945054945054945,18.736263736263737,5,5,1.791759469228055,15.408456014435009,0,0.4168365598965546,-0.41135587787767325
U0150,2024-05-26,80,7373463,92168.2875,0.011875,3.8125,7,5,2.0794415416798357,15.813398167312261,0,0.6838156665955171,-2.14329139653744
U0151,2024-06-01,96,4539277,47284.135416666664,0.146875,18.979166666666668,1,5,0.6931471805599453,15.328278526533781,1,0.16399418657160222,1.556076448340248
U0152,2024-05-21,100,3817995,38179.95,0.16649999999999998,10.21,12,5,2.5649493574615367,15.155236235598345,1,-0.9829101308062936,1.0874849844842345
U0153,2024-05-30,99,3886035,39252.878787878784,0.1409090909090909,23.444444444444443,3,5,1.3862943611198906,15.172900172901315,1,-0.05460055633733283,1.7379128112928146
U0154,2024-05-29,92,5635708,61257.69565217391,0.010869565217391304,11.91304347826087,4,5,1.6094379124341003,15.544633518304334,0,0.4665201825732953,-0.7682630348312584
U0155,2024-06-02,93,2532553,27231.752688172044,0.1586021505376344,8.946236559139784,0,5,0.0,14.7447388376812,1,-1.2941809878501043,1.9687134970428186
U0156,2024-06-02,96,3365187,35054.03125,0.17864583333333336,23.34375,0,4,0.0,15.028994388742536,1,-0.16973694926366778,2.6041178321960055
U0157,2024-06-02,126,17367898,137840.46031746033,0.001984126984126984,26.253968253968253,0,5,0.0,16.670134175230864,2,5.040763258948324,-1.0655384261440315
U0158,2024-05-29,92,6714303,72981.55434782608,0.016304347826086956,12.054347826086957,4,5,1.6094379124341003,15.719750734019566,0,0.8964354581346371,-0.9954857798045628
U0159,2024-06-01,94,3760286,40003.04255319149,0.006914893617021277,6.25531914893617,1,5,0.6931471805599453,15.140005842240342,0,-0.42049803381809203,-0.20015189189705387
U0160,2024-05-04,84,3809109,45346.53571428572,0.011904761904761904,12.380952380952381,29,5,3.4011973816621555,15.15290612401461,0,-0.8540038601825978,-0.9724072046588633
U0161,2024-05-28,67,2944450,43947.014925373136,0.0,12.597014925373134,5,5,1.791759469228055,14.895432940032848,0,-1.144856757999073,-0.7490684776113202
U0162,2024-05-24,83,3490361,42052.5421686747,0.004216867469879518,11.204819277108435,9,5,2.302585092994046,15.065516013727919,0,-0.8308382531803801,-0.688408712076038
U0163,2024-05-26,82,3919962,47804.41463414634,0.015853658536585366,14.71951219512195,7,5,2.0794415416798357,15.181592772946589,0,-0.43096333177490204,-0.5173276617252353
U0164,2024-06-01,110,3920938,35644.89090909091,0.09863636363636363,22.8,1,5,0.6931471805599453,15.181841723897652,1,0.35647574876259713,1.749283370335255
U0165,2024-05-31,90,5448887,60543.188888888886,0.012777777777777779,13.444444444444445,2,5,1.0986122886681096,15.510922109123861,0,0.5450452779108843,-0.533438439252795
U0166,2024-06-02,83,2746298,33087.927710843374,0.010240963855421687,15.096385542168674,0,5,0.0,14.825764745034299,0,-0.6262487359246056,0.4943330736357686
U0167,2024-05-27,54,2928128,54224.59259259259,0.010185185185185186,8.537037037037036,6,5,1.9459101490553132,14.889874210469891,3,-1.4600346182663437,-1.2819480837011241
U0168,2024-06-02,99,3495551,35308.59595959596,0.008585858585858586,19.525252525252526,0,5,0.0,15.067001861093015,0,0.2358020548984677,0.8064322710926789
U0169,2024-06-01,92,4090431,44461.20652173913,0.15434782608695652,9.108695652173912,1,5,0.6931471805599453,15.2241611459131,1,-0.5499293637467737,1.218841104257702
U0170,2024-06-02,91,9531594,104742.79120879121,0.00989010989010989,18.67032967032967,0,5,0.0,16.070122627838185,2,2.581583707278487,-1.0302649119735992
U0171,2024-05-17,90,2288240,25424.88888888889,0.1527777777777778,20.42222222222222,16,5,2.833213344056216,14.643293958102614,1,-1.6188387451048363,1.5755507174923324
U0172,2023-12-08,46,2345712,50993.739130434784,0.015217391304347825,24.32608695652174,177,5,5.181783550292085,14.668099964821034,3,-1.9882360447878011,-1.5147734403429136
U0173,2024-06-01,90,3058842,33987.13333333333,0.003888888888888889,17.177777777777777,1,5,0.6931471805599453,14.933547297853842,0,-0.37935000207050595,0.372056826718642
U0174,2024-06-01,98,5356986,54663.12244897959,0.017346938775510207,17.520408163265305,1,5,0.6931471805599453,15.493912248128773,0,0.8326499181603354,0.0617792889673206
U0175,2023-10-25,56,3827038,68339.96428571429,0.015178571428571428,7.892857142857143,221,3,5.402677381872279,15.157601955105848,3,-1.6280006913445242,-2.6448326409990717
U0176,2024-05-10,85,5187493,61029.32941176471,0.014705882352941176,18.376470588235293,23,5,3.1780538303479458,15.461761286893916,0,0.14340393511953875,-1.0030370887155404
U0177,2024-05-31,92,3218929,34988.358695652176,0.008695652173913044,15.858695652173912,2,5,1.0986122886681096,14.984559564160685,0,-0.4178016658493639,0.23321680487800897
U0178,2024-03-10,64,4295837,67122.453125,0.00078125,12.28125,84,4,4.442651256490317,15.27315720496261,3,-0.9064201413150371,-2.185274444146292
U0179,2024-05-24,89,4309202,48418.0,0.011797752808988765,21.84269662921348,9,5,2.302585092994046,15.276263526186838,0,0.11292870592848554,-0.242051925252155
U0180,2024-05-31,133,12521155,94144.02255639098,0.00037593984962406017,23.50375939849624,2,5,1.0986122886681096,16.342930251642237,2,3.5724816736816085,-0.4588892069961625
U0181,2024-05-30,108,2807512,25995.48148148148,0.17453703703703705,16.25,3,5,1.3862943611198906,14.847809596038156,1,-0.9098960246929786,2.252536903179306
U0182,2024-05-27,99,4328029,43717.46464646464,0.16818181818181815,8.131313131313131,6,5,1.9459101490553132,15.280623031092563,1,-0.7069670710655436,1.0366170161294546
U0183,2024-05-10,26,1296907,49881.03846153846,0.025,2.6538461538461537,23,4,3.1780538303479458,14.075493527860594,3,-3.6515036198415807,-1.8756159836886546
U0184,2024-05-31,84,4597580,54733.09523809524,0.016071428571428573,20.202380952380953,2,5,1.0986122886681096,15.341040853576212,0,0.39062175319306536,-0.12985689100486422
U0185,2024-02-21,70,4073916,58198.8,0.02142857142857143,4.671428571428572,102,5,4.634728988229636,15.220115502463662,3,-1.4505522907517119,-2.0903497030625595
U0186,2024-06-02,85,3091739,36373.4,0.11411764705882352,18.070588235294117,0,5,0.0,14.944244597184905,1,-0.5315205826278958,1.5690968280609896
U0187,2023-07-06,38,2584496,68013.05263157895,0.009210526315789473,14.657894736842104,332,5,5.808142489980444,14.765041462851451,3,-2.2480637103933883,-2.6837366741395074
U0188,2024-06-02,138,12952277,93857.07971014493,0.0,35.04347826086956,0,5,0.0,16.376782237975846,2,4.460119798008725,0.45458669244614214
U0189,2024-05-28,100,3515467,35154.67,0.152,12.76,5,5,1.791759469228055,15.072683218034056,1,-0.8178689543693571,1.3791600167463614
U0190,2024-05-17,84,4391599,52280.94047619047,0.014285714285714287,5.833333333333333,16,5,2.833213344056216,15.295204183342715,0,-0.7175433678446264,-1.2463779245138535
U0191,2024-06-01,79,4395873,55643.962025316454,0.013924050632911394,20.556962025316455,1,4,0.6931471805599453,15.296176931674491,0,0.36140705695892567,-0.0944966578557441
U0192,2024-05-18,98,4008807,40906.19387755102,0.020918367346938777,18.918367346938776,15,5,2.772588722239781,15.204004498235319,0,-0.18606781469921496,-0.1127176114700396
U0193,2024-06-01,110,4669822,42452.92727272727,0.16772727272727272,23.0,1,5,0.6931471805599453,15.356631727427871,1,0.5172234653089759,2.243659776570745
U0194,2024-06-01,127,15473360,121837.48031496063,0.001968503937007874,19.8503937007874,1,5,0.6931471805599453,16.55463045816326,2,4.173053069612134,-1.1901469346090876
U0195,2024-06-01,86,7767692,90322.0,0.016279069767441864,12.116279069767442,1,5,0.6931471805599453,15.865483767060063,0,1.4913302796032895,-1.1972457194534198
U0196,2024-06-02,89,2771053,31135.426966292136,0.0898876404494382,17.471910112359552,0,4,0.0,14.834738311204857,1,-0.6387025002346808,1.5064587195644645
U0197,2024-05-31,88,6506774,73940.61363636363,0.007954545454545454,13.727272727272727,2,5,1.0986122886681096,15.688354499732672,0,1.0026647794589154,-0.9198321050081589
U0198,2024-05-28,93,5704165,61335.10752688172,0.02956989247311828,13.741935483870968,5,5,1.791759469228055,15.556707343037095,0,0.4925319211669863,-0.5501512889919459
U0199,2024-05-22,91,5476831,60184.956043956045,0.019230769230769232,15.505494505494505,11,5,2.4849066497880004,15.516037389568918,0,0.3319803145664169,-0.7803076978682223
U0200,2024-05-23,90,3237874,35976.37777777778,0.18611111111111112,30.122222222222224,10,5,2.3978952727983707,14.990427808397971,1,-0.5761873756656599,2.145492118591678
U0201,2024-06-02,144,9731281,67578.34027777778,0.0010416666666666669,32.94444444444444,0,5,0.0,16.09085620293412,2,3.633546278790078,1.0757881044324529
U0202,2024-05-25,93,4061005,43666.720430107525,0.15161290322580645,11.053763440860216,8,5,2.1972245773362196,15.216941284135947,1,-0.7922205638984596,0.8537774967684798
U0203,2024-05-29,79,4565739,57794.16455696202,0.008227848101265823,13.734177215189874,4,5,1.6094379124341003,15.334091161831225,0,-0.036456371140447696,-0.7842707059955408
U0204,2024-05-31,93,2600668,27964.172043010753,0.12580645161290321,18.623655913978496,2,5,1.0986122886681096,14.771279277586071,1,-0.9794294820070202,1.7184624601681713
U0205,2024-05-31,96,3277736,34143.083333333336,0.003645833333333334,22.729166666666668,2,5,1.0986122886681096,15.002663803218477,0,-0.014679019829682033,0.5609422579256985
U0206,2024-05-21,98,5422697,55333.642857142855,0.12142857142857143,8.357142857142858,12,4,2.5649493574615367,15.50610403553935,0,-0.23440662713625487,0.08648167657307008
U0207,2024-06-01,129,9875173,76551.72868217055,0.010077519379844961,30.73643410852713,1,5,0.6931471805599453,16.10553448884939,2,3.2378179641804454,0.437714679197238
U0208,2024-02-17,25,1621830,64873.2,0.022000000000000002,17.48,106,5,4.672828834461906,14.299066315873977,3,-2.78600788158985,-2.0878288158322817
U0209,2024-05-30,123,10073578,81899.0081300813,0.028861788617886183,30.170731707317074,3,5,1.3862943611198906,16.125426613666015,2,3.012354334771719,0.17871621678843913
U0210,2024-05-18,97,3014757,31079.96907216495,0.15,21.463917525773194,15,5,2.772588722239781,14.919030119582022,1,-0.971446325357712,1.5259197808669718
U0211,2024-06-02,139,16097921,115812.38129496403,0.006115107913669065,29.971223021582734,0,5,0.0,16.594200753301678,2,4.9370518386564575,-0.1965642338763441
U0212,2024-05-25,74,2636125,35623.31081081081,0.14662162162162162,14.837837837837839,8,5,2.1972245773362196,14.784820973158675,1,-1.6786202902435017,0.9661115112621805
U0213,2024-06-01,105,3883407,36984.828571428574,0.022857142857142857,17.771428571428572,1,5,0.6931471805599453,15.17222367659084,0,0.25071990588809684,0.6859134842569821
U0214,2024-06-02,94,3839445,40845.15957446808,0.00425531914893617,6.74468085106383,0,5,0.0,15.160838643322538,0,-0.19806824311151017,-0.01662849484313209
U0215,2024-05-31,93,5928490,63747.20430107527,0.02096774193548387,20.870967741935484,2,5,1.0986122886681096,15.59528026978853,0,1.073422263240266,-0.16836360977659146
U0216,2024-05-27,103,7996392,77634.87378640777,0.017475728155339806,18.40776699029126,6,5,1.9459101490553132,15.894501122969414,0,1.6267140536022389,-0.7797186483812281
U0217,2024-05-25,94,3154323,33556.62765957447,0.1196808510638298,21.872340425531913,8,5,2.1972245773362196,14.964284767925355,1,-0.706679862724172,1.313141333102716
U0218,2024-05-18,92,3262391,35460.77173913043,0.13532608695652174,20.119565217391305,15,5,2.772588722239781,14.99797122661688,1,-0.9179119191468453,1.1338947677168343
U0219,2024-05-27,91,2603728,28612.395604395606,0.14450549450549452,22.802197802197803,6,5,1.9459101490553132,14.772455206234348,1,-1.0623781778110368,1.782764892146098
U0220,2024-05-25,86,5944664,69124.0,0.01744186046511628,14.034883720930232,8,5,2.1972245773362196,15.598004736645462,0,0.504211035958471,-1.056106665456898
U0221,2024-04-28,88,2404593,27324.920454545456,0.1431818181818182,20.28409090909091,35,5,3.58351893845611,14.692891632302333,1,-1.711627395138403,1.1631717688145222
U0222,2024-03-27,73,4916544,67349.91780821918,0.009589041095890411,13.136986301369863,67,5,4.219507705176107,15.4081166060131,3,-0.49161519330543596,-1.898367685923999
U0223,2024-05-28,91,6182737,67942.16483516483,0.15384615384615385,22.47252747252747,5,5,1.791759469228055,15.63727177339091,1,0.7218996772225957,0.8604937319268735
U0224,2024-06-02,120,5110617,42588.475,0.17333333333333334,20.291666666666668,0,5,0.0,15.446830894201954,1,0.8565003826663136,2.516344218256964
U0225,2024-06-01,79,2056280,26028.86075949367,0.14746835443037976,10.974683544303797,1,5,0.6931471805599453,14.536409569370019,1,-1.891119920273725,1.606711539847795
U0226,2024-05-25,86,3864627,44937.523255813954,0.01744186046511628,7.883720930232558,8,5,2.1972245773362196,15.167375986988564,0,-0.748985922657996,-0.7152125761602949
U0227,2024-02-03,42,2610957,62165.642857142855,0.03333333333333334,11.904761904761905,120,5,4.795790545596741,14.775227761761004,3,-2.2314227896657,-2.0858304580762694
U0228,2024-05-29,83,4456309,53690.469879518074,0.031927710843373494,25.53012048192771,4,5,1.6094379124341003,15.309831627289725,0,0.3897041709866201,0.11898171516786507
U0229,2024-05-24,97,4666271,48105.886597938144,0.15103092783505154,21.8659793814433,9,5,2.302585092994046,15.355871023906486,1,-0.006263750277258404,1.2249740455435247
U0230,2024-05-27,90,3918676,43540.84444444445,0.008333333333333333,3.5,6,5,1.9459101490553132,15.181264654800703,0,-0.7874585120951094,-0.834775830290265
U0231,2024-05-29,92,4715561,51256.09782608696,0.033152173913043474,8.923913043478262,4,5,1.6094379124341003,15.366378661008152,0,-0.1316013781662098,-0.42943955465486777
U0232,2024-05-28,96,3938697,41028.09375,0.0203125,11.875,5,5,1.791759469228055,15.186360769808427,0,-0.3365651282111603,-0.15912669065394577
U0233,2024-06-02,106,4784582,45137.56603773585,0.08820754716981132,9.452830188679245,0,3,0.0,15.38090943173622,0,0.2895546032605628,0.9576114480007268
U0234,2024-04-21,65,3252849,50043.83076923077,0.04,10.261538461538462,42,5,3.7612001156935624,14.995042093110436,3,-1.5942287209062929,-1.2441582300528766
U0235,2024-06-02,86,8721228,101409.62790697675,0.00872093023255814,16.96511627906977,0,5,0.0,15.981270726320975,2,2.233881865639127,-1.101855537243524
U0236,2024-05-10,61,5592713,91683.81967213115,0.019672131147540982,3.5081967213114753,23,5,3.1780538303479458,15.536975237148512,0,-0.3262331487221056,-2.6186965681499443
U0237,2024-06-01,142,9834739,69258.72535211267,0.005985915492957746,39.647887323943664,1,5,0.6931471805599453,16.101431573258598,2,3.763815606756641,1.1407720663500738
U0238,2024-04-06,26,956284,36780.153846153844,0.0019230769230769232,7.576923076923077,57,4,4.060443010546419,13.77081126476026,3,-4.183862577158014,-1.7988232733496827
U0239,2024-06-01,93,2936312,31573.247311827956,0.15268817204301077,19.763440860215052,1,5,0.6931471805599453,14.892665270663782,1,-0.7002145174349351,2.0456913188904755
U0240,2024-06-02,87,6767366,77785.81609195402,0.021839080459770118,18.57471264367816,0,5,0.0,15.72762264752535,0,1.5208791161162019,-0.34018369017066175
U0241,2024-05-30,110,4466770,40607.0,0.16363636363636364,11.727272727272727,3,5,1.3862943611198906,15.312176334189187,1,-0.20584137646029874,1.5457670707337177
U0242,2024-05-29,97,4631951,47752.072164948455,0.010824742268041237,6.051546391752577,4,5,1.6094379124341003,15.348488935486975,0,-0.18151327718859073,-0.6205789674396169
U0243,2024-05-24,61,4004153,65641.85245901639,0.021311475409836068,17.39344262295082,9,5,2.302585092994046,15.202842880216084,0,-0.4413278053911378,-1.1040989189965358
U0244,2024-04-16,56,3274096,58466.0,0.014285714285714287,18.803571428571427,47,5,3.8712010109078907,15.001552663841471,3,-1.189976443907862,-1.4621912958837384
U0245,2024-05-21,92,4736795,51486.90217391304,0.0038043478260869562,7.336956521739131,12,5,2.5649493574615367,15.370871515747396,0,-0.322553848299247,-1.082655683987115
U0246,2024-06-02,97,6966933,71824.05154639175,0.020618556701030927,10.835051546391753,0,5,0.0,15.756685800736438,0,1.3122299859685842,-0.427189915857328
U0247,2024-06-01,108,4054939,37545.73148148148,0.13472222222222222,12.972222222222221,1,4,0.6931471805599453,15.215446448874708,1,-0.13627932808600923,1.5885523477945405
U0248,2024-05-26,159,15197103,95579.2641509434,0.0009433962264150945,20.937106918238992,7,5,2.0794415416798357,16.53661544134827,2,4.049245166848892,-0.5454082364555198
U0249,2024-02-17,49,2678234,54657.836734693876,0.03571428571428571,14.877551020408163,106,5,4.672828834461906,14.80066855343704,3,-2.053817851601551,-1.6429065678625578
U0250,2024-05-28,109,3287067,30156.577981651375,0.14036697247706423,12.926605504587156,5,5,1.791759469228055,15.005506539989415,1,-0.7653637497072348,1.5338611688436439
U0251,2023-10-18,49,5079062,103654.32653061225,0.017346938775510207,14.122448979591837,228,4,5.43372200355424,15.440637353722991,3,-0.4784571282292961,-3.256322095977618
U0252,2024-05-30,82,4385213,53478.20731707317,0.014634146341463414,14.390243902439025,3,4,1.3862943611198906,15.293748985334208,0,-0.04548683254588108,-0.4797815988399868
U0253,2023-11-18,60,4600585,76676.41666666667,0.03166666666666667,16.083333333333332,197,4,5.288267030694535,15.341694244650087,3,-0.8235950161512076,-2.2470509430682974
U0254,2024-06-02,146,16180590,110825.95890410959,0.0013698630136986301,13.013698630136986,0,5,0.0,16.59932299550356,2,4.2630868786719995,-0.7836507151493677
U0255,2024-05-30,101,4130888,40899.88118811881,0.17623762376237626,13.633663366336634,3,5,1.3862943611198906,15.234003196010635,1,-0.43267988901581667,1.6298642562993617
U0256,2024-05-21,90,2500916,27787.955555555556,0.18277777777777776,23.6,12,5,2.5649493574615367,14.732168022583755,1,-1.35180529715651,2.0160375261946295
U0257,2024-06-02,95,4365573,45953.4,0.1631578947368421,15.494736842105263,0,5,0.0,15.289260239183134,1,0.02739134120459458,1.794967097243908
U0258,2024-06-01,76,3944807,51905.35526315789,0.013815789473684212,13.342105263157896,1,5,0.6931471805599453,15.187910841876207,0,-0.21787073932743206,-0.3534395429399267
U0259,2024-06-02,85,5008485,58923.35294117647,0.012352941176470589,11.552941176470588,0,5,0.0,15.426644231781971,0,0.46935004007572345,-0.3070171364701365
U0260,2024-06-01,109,6769201,62102.76146788991,0.014678899082568808,22.293577981651374,1,5,0.6931471805599453,15.727893764971913,2,1.702887544817742,0.1993257041396311
U0261,2024-06-02,93,7074576,76070.70967741935,0.01021505376344086,19.688172043010752,0,5,0.0,15.772018211720336,0,1.7454555587038296,-0.2899628186589622
U0262,2024-05-29,114,2541276,22291.894736842107,0.1307017543859649,11.035087719298245,4,5,1.6094379124341003,14.748177268560823,1,-1.1300577848073898,1.7248538104211328
U0263,2023-07-29,25,1257605,50304.2,0.026000000000000002,4.92,309,5,5.736572297479192,14.044720471638064,3,-4.167570546384494,-2.5593809099241613
U0264,2024-05-29,85,3619564,42583.10588235294,0.11352941176470589,18.6,4,5,1.6094379124341003,15.101864410835615,1,-0.5548532173442765,0.9252436788647779
U0265,2024-05-30,89,3773017,42393.449438202246,0.025280898876404494,13.741573033707866,3,5,1.3862943611198906,15.143385769674532,0,-0.3502386681685338,-0.028578606161853443
U0266,2024-06-02,89,4578880,51448.089887640446,0.01910112359550562,13.47191011235955,0,5,0.0,15.3369652030945,0,0.36612280683019616,0.08211952198713365
U0267,2023-07-04,49,2528854,51609.26530612245,0.022448979591836737,11.489795918367347,334,5,5.814130531825066,14.743277189093407,3,-2.5454080043586442,-2.1910858281423597
U0268,2024-05-29,125,9945104,79560.832,0.018,22.776,4,5,1.6094379124341003,16.112591028283855,2,2.649893249893786,-0.23966130738052463
U0269,2024-05-21,89,5119729,57525.04494382023,0.01853932584269663,20.48314606741573,12,5,2.5649493574615367,15.448612261250185,0,0.35977656741240877,-0.5497345016155665
U0270,2024-06-01,87,2119560,24362.758620689656,0.15517241379310345,5.103448275862069,1,5,0.6931471805599453,14.566719549733412,1,-1.9966522342914514,1.5721222876506067
U0271,2024-05-30,105,7158965,68180.61904761905,0.012380952380952381,15.504761904761905,3,5,1.3862943611198906,15.783876115100387,0,1.3613232836906426,-0.5341190102771622
U0272,2024-06-01,90,5648242,62758.24444444444,0.18944444444444444,10.222222222222221,1,5,0.6931471805599453,15.546855081309026,1,0.10229565829306556,1.1169161092805548
U0273,2024-06-02,81,3110193,38397.444444444445,0.009876543209876543,20.395061728395063,0,5,0.0,14.950195661631124,0,-0.18583148707088537,0.5496345416808953
U0274,2024-05-24,92,6463500,70255.43478260869,0.006521739130434784,16.565217391304348,9,5,2.302585092994046,15.681681679421065,0,0.8683149440203061,-1.037160614526171
U0275,2024-05-30,96,3793708,39517.791666666664,0.146875,22.072916666666668,3,5,1.3862943611198906,15.148854726482782,1,-0.21702660785697425,1.690705971970324
U0276,2024-06-02,101,4454304,44102.0198019802,0.1495049504950495,11.455445544554456,0,5,0.0,15.309381602227743,1,0.0015041940541894094,1.608221185340613
U0277,2024-06-02,94,8858645,94240.90425531915,0.012234042553191491,8.138297872340425,0,5,0.0,15.996904489232413,0,1.882384836127916,-1.1938709980394777
U0278,2024-05-30,150,5946898,39645.986666666664,0.010333333333333333,18.593333333333334,3,5,1.3862943611198906,15.59838046519156,2,1.6722432584734381,0.9110265035957357
U0279,2024-06-02,85,1961117,23071.964705882354,0.1411764705882353,17.91764705882353,0,5,0.0,14.489025276749066,1,-1.403957160771464,2.229813976373214
U0280,2024-05-15,93,7281753,78298.41935483871,0.023655913978494626,8.21505376344086,18,5,2.9444389791664403,15.800882325218852,0,0.636467244748112,-1.6142464283273612
U0281,2024-06-02,84,2887348,34373.19047619047,0.02857142857142857,10.773809523809524,0,5,0.0,14.875849338072493,0,-0.7598016154149939,0.4573748495152707
U0282,2024-06-02,106,4511675,42562.97169811321,0.14150943396226415,11.754716981132075,0,5,0.0,15.322179261071039,1,0.12653551769610039,1.648420824218133
U0283,2024-01-08,71,3647305,51370.49295774648,0.005633802816901409,12.014084507042254,146,5,4.990432586778736,15.10949937085013,3,-1.4092492146949436,-1.8437117904855083
U0284,2024-06-02,75,3855422,51405.62666666666,0.02,28.36,0,5,0.0,15.16499128658639,0,0.5169882334540499,0.5816101190503369
U0285,2024-06-02,84,1271014,15131.119047619048,0.16547619047619047,11.119047619047619,0,5,0.0,14.055326351832871,1,-2.447715935896044,2.4416818811252314
U0286,2024-05-22,84,4175478,49708.07142857143,0.009523809523809525,16.642857142857142,11,5,2.4849066497880004,15.24473964022497,0,-0.2653734094894593,-0.6434654437656585
U0287,2024-06-01,156,18172777,116492.16025641025,0.008974358974358975,28.224358974358974,1,5,0.6931471805599453,16.71543531806406,2,5.216177308215938,-0.24086815961624178
U0288,2024-05-30,111,2589646,23330.144144144146,0.15990990990990991,7.018018018018018,3,5,1.3862943611198906,14.767032130950632,1,-1.3567415667107154,1.827220005203029
U0289,2024-05-28,101,2584281,25586.940594059404,0.1425742574257426,11.237623762376238,5,5,1.791759469228055,14.764958271056978,1,-1.3850587732085957,1.5198369602757915
U0290,2024-04-11,43,3306549,76896.48837209302,0.027906976744186046,18.13953488372093,52,5,3.970291913552122,15.011415907712447,3,-1.1713425968317348,-1.9617278774148028
U0291,2023-09-30,66,3050945,46226.43939393939,0.02878787878787879,14.878787878787879,246,5,5.5093883366279774,14.930962264427132,3,-1.8771438097955038,-1.5709394235100136
U0292,2024-06-01,101,7243393,71716.76237623762,0.008910891089108912,18.77227722772277,1,5,0.6931471805599453,15.795600439047146,0,1.6659798584629042,-0.3493975397632585
U0293,2024-05-27,79,4145587,52475.784810126584,0.03544303797468354,19.873417721518987,6,5,1.9459101490553132,15.237555194150517,0,-0.13437714782264604,-0.21511302989403372
U0294,2024-06-01,102,9968836,97733.6862745098,0.023529411764705882,13.862745098039216,1,5,0.6931471805599453,16.114974485184035,2,2.3264461454745367,-1.0222508515632835
U0295,2024-05-27,92,2992561,32527.83695652174,0.16847826086956522,11.141304347826088,6,5,1.9459101490553132,14.911640434662464,1,-1.3763016464021338,1.3976853365242934
U0296,2024-05-20,85,4258576,50100.89411764706,0.005294117647058823,12.776470588235295,13,5,2.639057329615259,15.264445624883896,0,-0.40500484124381697,-0.9003696291313543
U0297,2024-05-31,100,5136857,51368.57,0.1015,23.65,2,4,1.0986122886681096,15.451952166474388,1,0.7116122676733871,1.1396051556749887
U0298,2024-06-01,116,6841790,58980.94827586207,0.00646551724137931,22.07758620689655,1,5,0.6931471805599453,15.738560097429335,2,1.8142319359799275,0.27811715488903965
U0299,2024-06-01,105,4028617,38367.780952380956,0.14333333333333334,14.723809523809523,1,5,0.6931471805599453,15.208933947069896,1,-0.1378882647291631,1.688493244381065
U0300,2024-05-28,103,3324471,32276.417475728154,0.1684466019417476,6.252427184466019,5,5,1.791759469228055,15.016821422470032,1,-1.2052160841929738,1.3738830189007785
U0301,2024-05-24,96,5622189,58564.46875,0.03125,15.21875,9,5,2.302585092994046,15.542231825679755,0,0.43128435287196104,-0.5176117063623561
U0302,2024-05-25,82,4189010,51085.48780487805,0.15182926829268295,17.121951219512194,8,5,2.1972245773362196,15.247975225850766,1,-0.5766729879731819,0.7942725677040914
U0303,2024-06-01,122,9279980,76065.40983606558,0.0,20.60655737704918,1,5,0.6931471805599453,16.043370057346493,2,2.59144604930655,-0.18849541783782164
U0304,2024-06-01,91,2989074,32846.96703296703,0.006593406593406594,11.307692307692308,1,5,0.6931471805599453,14.910474532955291,0,-0.6715247663546119,0.18489531177681878
U0305,2024-05-24,90,5815450,64616.11111111111,0.03277777777777778,22.255555555555556,9,5,2.302585092994046,15.576028898966985,0,0.7679011376934266,-0.4169189114777696
U0306,2024-05-31,80,6175155,77189.4375,0.0018750000000000004,8.15,2,5,1.0986122886681096,15.636044703317102,0,0.6099871552372339,-1.3991230537380264
U0307,2024-05-31,135,11538908,85473.39259259259,0.011111111111111112,20.644444444444446,2,5,1.0986122886681096,16.261235273847067,2,3.191937304527324,-0.25163587428317097
U0308,2024-05-19,85,4004599,47112.92941176471,0.01941176470588235,20.129411764705882,14,5,2.70805020110221,15.202954258340686,0,-0.2680668485230297,-0.38109212414276666
U0309,2024-06-02,112,4556923,40686.8125,0.11607142857142858,13.1875,0,5,0.0,15.332158392468148,1,0.3595427955104016,1.5916315148225733
U0310,2024-06-02,95,5550594,58427.3052631579,0.01736842105263158,14.389473684210527,0,5,0.0,15.529415687183542,0,0.9014691824681941,0.002210670768684067
U0311,2023-06-01,41,2213031,53976.365853658535,0.004878048780487805,15.170731707317072,367,3,5.908082938168931,14.609874078937679,3,-2.634151228519886,-2.3604429272740357
U0312,2024-05-29,108,3054602,28283.35185185185,0.16944444444444445,29.38888888888889,4,5,1.6094379124341003,14.93216019124332,1,-0.22766200363617292,2.6432414697636744
U0313,2024-06-01,103,3773724,36638.09708737864,0.11796116504854369,10.466019417475728,1,5,0.6931471805599453,15.143573135271073,1,-0.4083110814448771,1.2760789713657952
U0314,2024-06-02,137,7545107,55073.77372262774,0.025182481751824817,31.48175182481752,0,5,0.0,15.836409964196948,2,2.809476835258841,1.463408528780626
U0315,2024-01-17,68,3597408,52903.05882352941,0.011764705882352941,7.294117647058823,137,5,4.927253685157205,15.095724422079739,3,-1.6671349911459055,-2.0461087085036063
U0316,2024-06-02,96,2070478,21567.479166666668,0.14791666666666667,14.5,0,5,0.0,14.543290539438662,1,-1.3047615914950157,2.3305263227353095
U0317,2024-05-26,91,4807332,52827.82417582418,0.01263736263736264,13.747252747252746,7,5,2.0794415416798357,15.385653018452219,0,0.06364308010332421,-0.6127427277676673
U0318,2024-05-25,92,3405416,37015.391304347824,0.12771739130434784,19.630434782608695,8,5,2.1972245773362196,15.040877957027636,1,-0.71105935979372,1.1692032237353147
U0319,2024-06-02,88,5928798,67372.70454545454,0.03181818181818182,7.011363636363637,0,5,0.0,15.595332220951075,0,0.6470929716312592,-0.4898312070375416
U0320,2024-06-02,93,2590185,27851.451612903227,0.12365591397849462,22.096774193548388,0,4,0.0,14.767240245768985,1,-0.5864353243911784,2.1885638497658606
U0321,2024-05-31,94,2577632,27421.617021276597,0.13297872340425532,16.79787234042553,2,5,1.0986122886681096,14.76238209392997,1,-1.0784869416894671,1.7370896035574424
U0322,2024-05-11,84,4896799,58295.22619047619,0.011904761904761904,10.833333333333334,22,5,3.1354942159291497,15.404092488518998,0,-0.31235342786630593,-1.2938643207775224
U0323,2024-06-02,100,5222374,52223.74,0.17149999999999999,14.4,0,5,0.0,15.468462837229334,1,0.39662924611302836,1.7270791415980726
U0324,2023-08-17,48,2384119,49669.145833333336,0.017708333333333333,12.333333333333334,290,5,5.673323267171493,14.684340641471055,3,-2.5930373972098653,-2.1163881862441873
U0325,2024-06-02,77,2297962,29843.66233766234,0.017532467532467535,20.01298701298701,0,4,0.0,14.647533636303862,0,-0.8297317249564862,0.8072630780106601
U0326,2024-05-29,135,12184160,90253.03703703704,0.014444444444444446,14.644444444444444,4,4,1.6094379124341003,16.315647387521043,2,2.967178419524299,-0.7508743497045149
U0327,2024-05-31,142,6366405,44833.83802816901,0.0017605633802816902,28.45774647887324,2,5,1.0986122886681096,15.666545661102209,2,2.2026177835954917,1.1007769807662051
U0328,2024-06-02,105,2954137,28134.638095238097,0.17047619047619048,11.523809523809524,0,5,0.0,14.898717457299147,1,-0.7620355290168458,2.3213452626625135
U0329,2024-05-19,96,2092569,21797.59375,0.16927083333333334,23.291666666666668,14,5,2.70805020110221,14.55390353359388,1,-1.5584703979913181,2.094585456155268
U0330,2024-06-02,96,2583954,26916.1875,0.178125,24.041666666666668,0,5,0.0,14.764831728872307,1,-0.60624750141072,2.872241135118308
U0331,2024-05-28,95,4476323,47119.18947368421,0.037894736842105266,19.810526315789474,5,5,1.791759469228055,15.31431273185319,0,0.21181620255137487,0.18668632893325413
U0332,2024-05-31,79,7257893,91872.06329113925,0.006962025316455697,19.544303797468356,2,5,1.0986122886681096,15.797600262074242,0,1.5556223417560378,-1.2036970873971928
U0333,2024-01-28,66,3085758,46753.90909090909,0.006060606060606061,8.803030303030303,126,4,4.844187086458591,14.942308214234831,3,-1.9109252578195464,-1.8721988415888344
U0334,2024-06-02,91,7061285,77596.53846153847,0.01978021978021978,17.54945054945055,0,5,0.0,15.77013774585609,0,1.6120933750669062,-0.35204689742729794
U0335,2024-06-02,140,17079041,121993.15,0.007857142857142858,23.0,0,4,0.0,16.653362655758677,2,4.841909037349757,-0.6123073261320525
U0336,2024-06-02,105,4932188,46973.219047619044,0.1257142857142857,7.580952380952381,0,5,0.0,15.411293463700018,1,0.15708214788872807,1.1796325932171288
U0337,2024-06-01,116,2883564,24858.310344827587,0.14525862068965517,20.844827586206897,1,5,0.6931471805599453,14.874537933833128,1,-0.2985251016188518,2.5202759642785115
U0338,2023-10-24,56,3570856,63765.28571428572,0.01875,12.767857142857142,222,4,5.407171771460119,15.088316180969395,3,-1.59769880533932,-2.284227996448612
U0339,2024-05-28,93,6960159,74840.41935483871,0.010752688172043012,12.24731182795699,5,5,1.791759469228055,15.755713020552118,0,0.9799556891549418,-1.1289088058480052
U0340,2024-05-30,112,2859019,25526.95535714286,0.121875,20.133928571428573,3,5,1.3862943611198906,14.865989466732936,1,-0.5009695017203338,1.9763735786417014
U0341,2024-05-26,82,5497809,67046.4512195122,0.023170731707317076,23.963414634146343,7,5,2.0794415416798357,15.519860389089088,0,0.7314650556254927,-0.5239150086205019
U0342,2024-05-31,140,12131842,86656.0142857143,0.011071428571428572,20.95,2,5,1.0986122886681096,16.31134420672435,2,3.393677779445242,-0.1990072626929064
U0343,2024-04-24,66,2648334,40126.27272727273,0.03409090909090909,10.43939393939394,39,5,3.6888794541139363,14.789441698611267,3,-1.9701952690193336,-0.9963909458413447
U0344,2024-05-25,87,5421855,62320.1724137931,0.1764367816091954,8.344827586206897,8,5,2.1972245773362196,15.505948750222554,1,-0.396273477996881,0.42352037578544577
U0345,2024-05-31,100,2661666,26616.66,0.1485,20.7,2,5,1.0986122886681096,14.794463176197947,1,-0.8011348904096462,2.160899135163577
U0346,2024-05-30,86,6087029,70779.40697674418,0.010465116279069767,21.686046511627907,3,5,1.3862943611198906,15.621670836000142,0,1.0970645220769044,-0.5799808566722862
U0347,2024-05-29,83,2877178,34664.79518072289,0.012048192771084338,17.91566265060241,4,5,1.6094379124341003,14.872320858186017,0,-0.7773739148827932,0.10086192207429895
U0348,2024-05-29,86,4757375,55318.313953488374,0.02441860465116279,11.151162790697674,4,5,1.6094379124341003,15.375206813703466,0,-0.04644519650248611,-0.5938715552627256
U0349,2024-06-02,101,2588161,25625.356435643564,0.10346534653465346,16.534653465346533,0,5,0.0,14.766458529243534,1,-0.6501681052817763,1.9160163445993548
U0350,2024-05-26,89,2257290,25362.808988764045,0.14157303370786517,16.168539325842698,7,5,2.0794415416798357,14.62967597969953,1,-1.6465545301676898,1.4977433923733592
U0351,2024-06-01,93,4973964,53483.48387096774,0.00913978494623656,17.774193548387096,1,5,0.6931471805599453,15.419727866730462,0,0.6500032006132511,-0.03936199781906216
U0352,2024-03-27,81,3358661,41464.950617283954,0.0,7.8765432098765435,67,5,4.219507705176107,15.027053238345308,3,-1.4865013124348687,-1.4677892645784634
U0353,2024-05-27,132,16101437,121980.58333333333,0.010984848484848484,17.924242424242426,6,5,1.9459101490553132,16.594419142736374,2,3.943605898630868,-1.505107924089434
U0354,2024-05-30,96,2516822,26216.895833333332,0.12968749999999998,24.958333333333332,3,5,1.3862943611198906,14.738507949833078,1,-0.7854212033080348,2.039936210159518
U0355,2024-05-30,91,6932417,76180.40659340659,0.011538461538461539,17.439560439560438,3,5,1.3862943611198906,15.751719228057361,0,1.274031211546712,-0.8255370040752019
U0356,2024-05-19,82,3691453,45017.71951219512,0.01524390243902439,14.914634146341463,14,5,2.70805020110221,15.121530976344527,0,-0.6848400264153972,-0.6322883760066833
U0357,2024-06-01,96,3023888,31498.833333333332,0.15312499999999998,19.697916666666668,1,5,0.6931471805599453,14.92205430925866,1,-0.6079148679368804,2.0865744925953145
U0358,2023-11-01,47,2276188,48429.53191489362,0.003191489361702128,11.936170212765957,214,4,5.3706380281276624,14.638013111202486,3,-2.6041230121372525,-2.1603210691369714
U0359,2024-06-01,107,4231384,39545.64485981308,0.11355140186915888,22.91588785046729,1,5,0.6931471805599453,15.258039920599042,1,0.4237162401631542,1.752141497585411
U0360,2024-06-02,91,5949547,65379.63736263736,0.01098901098901099,22.142857142857142,0,5,0.0,15.598825808249666,0,1.3926482067270949,0.05990730209630599
U0361,2024-05-28,84,5845225,69586.01190476191,0.017857142857142856,13.107142857142858,5,5,1.791759469228055,15.581135817666905,0,0.4991866457351146,-1.0049233128420483
U0362,2024-03-07,51,2009403,39400.05882352941,0.0,9.862745098039216,87,5,4.477336814478207,14.513348718652344,3,-2.729689270491742,-1.7307971787831575
U0363,2024-05-28,84,5202052,61929.19047619047,0.002380952380952381,7.083333333333333,5,4,1.791759469228055,15.464563913327913,0,-0.011199670696425225,-1.2338845965214005
U0364,2024-03-28,63,4929116,78239.93650793651,0.012698412698412698,8.88888888888889,66,5,4.204692619390966,15.410670422472137,3,-0.6728932861125143,-2.424806219067936
U0365,2024-05-30,106,5665009,53443.481132075474,0.14952830188679245,14.830188679245284,3,5,1.3862943611198906,15.549819217667752,1,0.41541806769748557,1.1545782292537092
U0366,2024-05-30,103,2591933,25164.398058252427,0.1616504854368932,15.37864077669903,3,5,1.3862943611198906,14.767914873167152,1,-1.128612304791538,2.05091637483593
U0367,2024-05-28,85,2738742,32220.49411764706,0.01647058823529412,19.388235294117646,5,5,1.791759469228055,14.823009613978003,0,-0.8286081555828814,0.24845650136635025
U0368,2024-05-28,79,2285962,28936.227848101265,0.02405063291139241,12.69620253164557,5,5,1.791759469228055,14.642297937729092,0,-1.5440205571478205,0.053694348154942
U0369,2024-05-31,91,3058075,33605.21978021978,0.13791208791208792,20.021978021978022,2,5,1.0986122886681096,14.933296518007314,1,-0.6932681758949871,1.7053421826912754
U0370,2024-06-02,101,3639947,36039.07920792079,0.020297029702970294,7.900990099009901,0,5,0.0,15.107479953796595,0,-0.19998843429562155,0.41242708247647913
U0371,2024-05-26,83,4379351,52763.26506024096,0.00963855421686747,17.40963855421687,7,5,2.0794415416798357,15.292411326202178,0,-0.047493034734832226,-0.5760509691877173
U0372,2024-05-31,113,6784243,60037.54867256637,0.004424778761061947,27.097345132743364,2,5,1.0986122886681096,15.730113422788211,2,1.8973773292798373,0.2907753279673028
U0373,2024-05-26,80,7941386,99267.325,0.015625,16.5375,7,5,2.0794415416798357,15.887598503106185,0,1.458811444404705,-1.7091450230989134
U0374,2024-05-30,93,3480611,37425.92473118279,0.03494623655913978,11.774193548387096,3,5,1.3862943611198906,15.0627186983577,0,-0.5702003393311473,0.1650054777119089
U0375,2024-06-02,100,10071865,100718.65,0.0245,15.48,0,5,0.0,16.125256550408128,2,2.5768477087320285,-0.8242535884603857
U0376,2024-05-28,90,2641971,29355.233333333334,0.1788888888888889,16.644444444444446,5,5,1.791759469228055,14.787036165976454,1,-1.3800465987719317,1.8587233439850444
U0377,2024-03-15,52,5046255,97043.36538461539,0.0019230769230769232,4.884615384615385,79,4,4.382026634673881,15.434157140150315,3,-0.6857099897077479,-3.313815863656928
U0378,2024-03-05,76,3476301,45740.80263157895,0.009868421052631578,8.93421052631579,89,5,4.499809670330265,15.0614796430664,3,-1.5094416522913165,-1.5839960220806704
U0379,2024-05-24,89,3183210,35766.40449438202,0.18595505617977529,13.651685393258427,9,5,2.302585092994046,14.973400993731007,1,-1.3199578945250523,1.4401649166704003
U0380,2024-05-31,114,4008497,35162.254385964916,0.1307017543859649,19.20175438596491,2,5,1.0986122886681096,15.203927165525267,1,0.12413902587552111,1.8455867103088777
U0381,2024-05-28,110,5871842,53380.38181818182,0.012727272727272726,9.236363636363636,5,5,1.791759469228055,15.585679111861827,0,0.5765048639644633,-0.4976319317380853
U0382,2024-06-01,103,3417331,33177.970873786406,0.1344660194174757,16.59223300970874,1,5,0.6931471805599453,15.04437068763014,1,-0.36917409097689924,1.8064450887943004
U0383,2024-01-27,39,2366734,60685.48717948718,0.010256410256410256,13.0,127,5,4.852030263919617,14.677021926166047,3,-2.340532724975293,-2.267437619650182
U0384,2024-04-11,75,2444474,32592.986666666668,0.009333333333333332,11.066666666666666,52,5,3.970291913552122,14.709340933908246,3,-1.9902463924217433,-0.9807779960982796
U0385,2024-05-24,93,8012337,86154.16129032258,0.002688172043010753,4.580645161290323,9,5,2.302585092994046,15.896493161597931,0,0.9445622032266481,-1.9691362466602804
U0386,2024-06-02,126,9900105,78572.26190476191,0.009523809523809523,29.976190476190474,0,5,0.0,16.108056022118205,2,3.3386410393228387,0.5218328386587856
U0387,2024-05-31,78,3780661,48470.01282051282,0.017948717948717947,17.78205128205128,2,5,1.0986122886681096,15.145409684537036,0,-0.19999963811522806,-0.12808580106061776
U0388,2024-06-02,96,6825705,71101.09375,0.01875,17.885416666666668,0,5,0.0,15.73620633690886,0,1.565976754469221,-0.129476740671326
U0389,2024-06-02,88,2181515,24789.94318181818,0.1659090909090909,23.647727272727273,0,5,0.0,14.595530605921839,1,-0.9989897634178643,2.704265096637678
U0390,2024-05-23,94,3316548,35282.425531914894,0.013297872340425532,20.372340425531913,10,5,2.3978952727983707,15.014435342450394,0,-0.4364408911096066,0.09809932498441791
U0391,2024-05-26,133,11605903,87262.42857142857,0.01804511278195489,11.293233082706767,7,5,2.0794415416798357,16.267024492114817,2,2.5482246786600298,-0.9636771967052861
U0392,2024-06-02,92,5339220,58035.0,0.024456521739130436,15.521739130434783,0,5,0.0,15.49059032014502,0,0.8151786315286027,0.0939744849163846
U0393,2024-06-01,113,3456024,30584.283185840708,0.1570796460176991,29.088495575221238,1,5,0.6931471805599453,15.055629642676216,1,0.2899815594647876,2.783145361871005
U0394,2024-05-17,92,4477119,48664.336956521736,0.13097826086956524,23.195652173913043,16,5,2.833213344056216,15.314490540527059,1,-0.1540139462300546,0.8496072842940353
U0395,2024-05-31,104,6000618,57698.25,0.0125,17.48076923076923,2,5,1.0986122886681096,15.60737318853768,0,1.074552922694572,-0.11165257256975315
U0396,2024-06-02,84,4585091,54584.416666666664,0.004761904761904762,17.845238095238095,0,5,0.0,15.338320728902147,0,0.5542800798917735,-0.0059996149416299965
U0397,2024-05-28,111,3746323,33750.657657657655,0.10810810810810811,22.954954954954953,5,5,1.791759469228055,15.13628565050434,1,0.02601963391512946,1.5813688108014856
U0398,2024-06-01,97,5175819,53358.9587628866,0.02577319587628866,20.329896907216494,1,5,0.6931471805599453,15.459508338669462,0,0.84541291027241,0.2886958119988116
U0399,2024-05-26,92,3835910,41694.67391304348,0.009782608695652175,12.445652173913043,7,5,2.0794415416798357,15.15991751346501,0,-0.44893693799632534,-0.3921327887937227
U0400,2024-05-30,83,3700040,44578.79518072289,0.014457831325301203,16.819277108433734,3,5,1.3862943611198906,15.123854458634138,0,-0.2928184944822049,-0.12992402661002642
U0401,2024-06-01,94,5174323,55045.98936170213,0.005851063829787235,12.127659574468085,1,5,0.6931471805599453,15.4592192605638,0,0.510406466108286,-0.34797337331331935
U0402,2024-05-18,93,4197774,45137.354838709674,0.023655913978494626,13.10752688172043,15,5,2.772588722239781,15.250065180975419,0,-0.41570427243932484,-0.5188280158414857
U0403,2024-05-27,129,17329154,134334.52713178293,0.009689922480620155,29.271317829457363,6,5,1.9459101490553132,16.66790090112621,2,4.7133295372571204,-1.3322020644195167
U0404,2024-05-28,78,5071227,65015.730769230766,0.013461538461538462,11.012820512820513,5,5,1.791759469228055,15.439093555312462,0,0.03564283623034128,-1.0999998088012264
U0405,2024-06-02,96,3892419,40546.03125,0.027083333333333334,4.083333333333333,0,5,0.0,15.174541630134836,0,-0.32369157769953527,0.12185217656182672
U0406,2024-05-29,89,2868141,32226.303370786518,0.15337078651685393,18.314606741573034,4,5,1.6094379124341003,14.869174991330928,1,-1.0666727495738688,1.6410467015518315
U0407,2024-05-31,107,6244277,58357.72897196261,0.006542056074766355,13.953271028037383,2,4,1.0986122886681096,15.647176082368183,0,1.0596024218253006,-0.3036503615732066
U0408,2024-05-29,82,4487147,54721.30487804878,0.1353658536585366,11.134146341463415,4,5,1.6094379124341003,15.316727868590664,1,-0.5117365255248194,0.4551451479587948
U0409,2024-06-02,100,3383233,33832.33,0.154,18.55,0,5,0.0,15.034342614747048,1,-0.2458616464550282,2.2374735109263364
U0410,2024-04-23,71,4649882,65491.295774647886,0.0035211267605633804,16.070422535211268,40,5,3.713572066704308,15.352352615956665,3,-0.3798189846507937,-1.65155081388926
U0411,2024-06-01,93,7626105,82001.12903225806,0.011290322580645162,16.311827956989248,1,5,0.6931471805599453,15.847087919119462,0,1.6483138977693665,-0.7801858185701998
U0412,2024-06-02,96,4628924,48217.958333333336,0.011979166666666666,13.697916666666666,0,5,0.0,15.34783521767865,0,0.4918858825575662,0.19314927589004244
U0413,2024-05-29,92,3171207,34469.641304347824,0.17282608695652174,20.532608695652176,4,5,1.6094379124341003,14.969623145818963,1,-0.7973334417738003,1.900487168693593
U0414,2024-05-28,84,3758199,44740.46428571428,0.007738095238095237,14.821428571428571,5,5,1.791759469228055,15.139450677337189,0,-0.4088579116461138,-0.39935629029301706
U0415,2024-05-31,88,4670556,53074.5,0.02159090909090909,6.011363636363637,2,5,1.0986122886681096,15.356788894481355,0,-0.1746949197674012,-0.6111323499206888
U0416,2024-05-25,77,4139035,53753.7012987013,0.01948051948051948,15.428571428571429,8,5,2.1972245773362196,15.235973468446124,0,-0.35965834024884485,-0.6997053198578826
U0417,2024-05-28,88,1885963,21431.397727272728,0.13295454545454544,25.988636363636363,5,5,1.791759469228055,14.449949653976395,1,-1.438129023626876,2.0517345980414547
U0418,2024-05-19,108,4258835,39433.65740740741,0.16435185185185186,17.685185185185187,14,5,2.70805020110221,15.264506441472237,1,-0.36005503635360747,1.4197579008332024
U0419,2024-05-23,83,5857724,70574.98795180723,0.02108433734939759,20.50602409638554,10,5,2.3978952727983707,15.583271860918288,0,0.6813465288043062,-0.8675453940593971
U0420,2024-05-25,85,2535487,29829.258823529413,0.1476470588235294,16.929411764705883,8,5,2.1972245773362196,14.74589668141169,1,-1.5170571009262035,1.3677844145898972
U0421,2024-03-16,42,2771538,65989.0,0.03571428571428571,14.476190476190476,78,4,4.3694478524670215,14.834913319545263,3,-1.8854792304058086,-1.9136087185588917
U0422,2024-06-02,92,4544827,49400.29347826087,0.02771739130434783,14.054347826086957,0,5,0.0,15.329500441093243,0,0.38235902313019043,0.28188294384091217
U0423,2024-05-27,84,4906719,58413.32142857143,0.019642857142857142,14.726190476190476,6,5,1.9459101490553132,15.406116252103038,0,0.10397060938977623,-0.6874940491422508
U0424,2024-05-15,74,3336663,45090.04054054054,0.15945945945945947,27.04054054054054,18,5,2.9444389791664403,15.020482063422175,1,-0.8821539707800683,1.1420836049861707
U0425,2024-05-28,91,5447707,59864.91208791209,0.024725274725274724,17.516483516483518,5,5,1.791759469228055,15.510705527724566,0,0.5453018441310931,-0.4190013368183379
U0426,2024-06-02,92,5066387,55069.42391304348,0.01032608695652174,7.641304347826087,0,4,0.0,15.438138695635839,0,0.3885750265376129,-0.31657091199865206
U0427,2024-05-26,145,8178879,56406.06206896552,0.002413793103448276,30.310344827586206,7,5,2.0794415416798357,15.91706577988922,2,2.6516983613208724,0.630807257188843
U0428,2024-05-25,92,3225638,35061.282608695656,0.005978260869565218,22.347826086956523,8,5,2.1972245773362196,14.986641628119848,0,-0.36518424383208653,0.15643672240093356
U0429,2024-05-30,99,4038414,40792.06060606061,0.005555555555555556,15.545454545454545,3,4,1.3862943611198906,15.211362846224391,0,0.04121934035739768,0.02625218267615802
U0430,2024-05-19,99,2480578,25056.343434343435,0.13535353535353536,21.22222222222222,14,5,2.70805020110221,14.724002558633748,1,-1.2316626038462801,1.602595128543493
U0431,2024-06-01,86,2347491,27296.406976744187,0.15872093023255815,15.418604651162791,1,5,0.6931471805599453,14.668858082178025,1,-1.3998270800904,1.9565855559881113
U0432,2024-06-01,90,4353508,48372.311111111114,0.1461111111111111,21.08888888888889,1,5,0.6931471805599453,15.286492744550841,1,0.10413422780117343,1.5388021146919506
U0433,2024-02-03,56,2711516,48419.92857142857,0.019642857142857146,19.285714285714285,120,3,4.795790545596741,14.813018814836076,3,-1.80723472464719,-1.4128403791476403
U0434,2024-05-31,87,5905699,67881.59770114943,0.029310344827586206,13.448275862068966,2,5,1.0986122886681096,15.591428544194974,0,0.6774400913003003,-0.5893754006246511
U0435,2024-06-02,77,4305393,55914.194805194806,0.009090909090909092,17.766233766233768,0,5,0.0,15.275379213142775,0,0.34416868024423974,-0.08412792168795254
U0436,2024-05-27,95,3834216,40360.16842105263,0.12842105263157894,9.83157894736842,6,5,1.9459101490553132,15.159475799838447,1,-0.8178144983908454,0.7646468205469497
U0437,2024-06-01,96,5656498,58921.854166666664,0.021875000000000002,12.260416666666666,1,5,0.6931471805599453,15.548315707560876,0,0.6964426255136884,-0.2586476513127914
U0438,2024-05-22,72,4498095,62473.541666666664,0.025694444444444447,20.319444444444443,11,5,2.4849066497880004,15.319164754092673,0,-0.06085914017388259,-0.7879548633688686
U0439,2024-05-26,91,4692099,51561.52747252747,0.025824175824175826,17.373626373626372,7,5,2.0794415416798357,15.361390801401363,0,0.13303134766822852,-0.2915164521991434
U0440,2024-05-28,96,6194816,64529.333333333336,0.011458333333333334,6.84375,5,5,1.791759469228055,15.639223532657493,0,0.46344340592676125,-1.072859557374646
U0441,2024-05-29,92,3156975,34314.94565217391,0.1364130434782609,21.815217391304348,4,5,1.6094379124341003,14.96512516535729,1,-0.6511641397244923,1.6061622784947243
U0442,2024-06-02,104,2271204,21838.5,0.15865384615384615,21.78846153846154,0,4,0.0,14.63582108561787,1,-0.7324526042487701,2.8485115307789086
U0443,2024-05-26,44,2542851,57792.068181818184,0.019318181818181818,24.272727272727273,7,4,2.0794415416798357,14.748796843733045,3,-1.1299402064891333,-0.7238656023773613
U0444,2024-01-19,23,783297,34056.391304347824,0.015217391304347827,14.0,135,5,4.912654885736052,13.57126849005193,3,-4.47562444372794,-1.5770991997289785
U0445,2024-06-02,89,6664520,74882.24719101124,0.11629213483146067,14.853932584269662,0,5,0.0,15.712308641045329,0,1.0693658353748294,0.5111680574423629
U0446,2024-05-19,94,6298457,67004.86170212766,0.018085106382978722,15.638297872340425,14,5,2.70805020110221,15.655815399497916,0,0.6543629878262535,-0.9847816257725017
U0447,2024-05-22,77,4952077,64312.68831168831,0.024675324675324677,15.363636363636363,11,4,2.4849066497880004,15.415317844434151,0,-0.02022776258991328,-1.0040766336328995
U0448,2024-04-18,43,1771151,41189.558139534885,0.002325581395348837,12.023255813953488,45,4,3.828641396489095,14.387140740298287,3,-2.7782834447522156,-1.5377122627121647
U0449,2024-02-03,53,2320074,43774.981132075474,0.01509433962264151,12.830188679245284,120,4,4.795790545596741,14.657110070706175,3,-2.4144575164918245,-1.6490557982013219
U0450,2024-06-02,95,5598683,58933.505263157895,0.01263157894736842,3.4947368421052634,0,5,0.0,15.53804212808855,0,0.45814768267549755,-0.5372811717051169
U0451,2023-09-12,51,2524964,49509.098039215685,0.0196078431372549,14.72549019607843,264,5,5.579729825986222,14.74173775920939,3,-2.3461099110247376,-1.931185088142591
U0452,2024-05-23,93,4614522,49618.51612903226,0.15913978494623657,13.731182795698924,10,5,2.3978952727983707,15.344719061964001,1,-0.47245748992421793,0.8269325858503462
U0453,2024-06-01,84,3209662,38210.26190476191,0.016071428571428573,16.202380952380953,1,4,0.6931471805599453,14.981676505171272,0,-0.4422472137561708,0.25527017266868657
U0454,2023-09-23,56,3207306,57273.32142857143,0.005357142857142858,11.821428571428571,253,4,5.537334267018537,14.980942202188443,3,-1.8863319082523289,-2.334474745175302
U0455,2024-06-01,100,3839838,38398.38,0.14700000000000002,16.29,1,5,0.6931471805599453,15.160940996601612,1,-0.24065309148886607,1.729064743912482
U0456,2024-05-23,92,4962336,53938.434782608696,0.019021739130434784,15.467391304347826,10,5,2.3978952727983707,15.417387357090522,0,0.13166377131788623,-0.5875952032768684
U0457,2024-05-28,47,2290828,48741.02127659575,0.007446808510638297,19.340425531914892,5,5,1.791759469228055,14.644424318754695,3,-1.4890152462742379,-0.7109403339869166
U0458,2023-06-24,35,1703003,48657.22857142857,0.004285714285714286,12.028571428571428,344,4,5.84354441703136,14.34790430843831,3,-3.292685753354605,-2.3934654730191673
U0459,2024-05-31,83,2029207,24448.277108433736,0.12650602409638553,10.843373493975903,2,5,1.0986122886681096,14.52315612710727,1,-1.8914487576967762,1.3710677832163674
U0460,2024-06-01,83,3147468,37921.301204819276,0.026506024096385545,21.457831325301203,1,5,0.6931471805599453,14.96210919576556,0,-0.2903951585114402,0.584969654007007
U0461,2024-05-18,97,6661836,68678.72164948453,0.003608247422680412,13.835051546391753,15,4,2.772588722239781,15.711905830309448,0,0.7628196523661006,-1.2286373664990873
U0462,2024-05-30,94,5156406,54855.382978723406,0.014361702127659576,18.882978723404257,3,5,1.3862943611198906,15.45575057708643,0,0.6220229773261603,-0.17308395830206413
U0463,2024-05-16,73,4263915,58409.79452054795,0.021232876712328767,6.63013698630137,17,4,2.8903717578961645,15.26569854482139,0,-0.8589666752241296,-1.4459918484219174
U0464,2024-05-11,96,2452164,25543.375,0.14114583333333333,11.260416666666666,22,5,3.1354942159291497,14.71248186578076,1,-1.8445176899073537,1.0364215499540992
U0465,2024-06-01,90,6467349,71859.43333333333,0.003333333333333334,22.755555555555556,1,5,0.6931471805599453,15.682276999885847,0,1.4928902215943776,-0.3687097220908717
U0466,2024-05-31,108,6024034,55778.09259259259,0.006944444444444444,14.953703703703704,2,5,1.0986122886681096,15.61126785853795,0,1.0301442186595482,-0.17768807609896284
U0467,2024-01-04,66,3255726,49329.181818181816,0.012878787878787878,9.696969696969697,150,5,5.017279836814924,14.995926157380516,3,-1.8147023761949477,-1.8864772475399936
U0468,2024-05-23,93,4614695,49620.37634408602,0.016129032258064516,9.698924731182796,10,5,2.3978952727983707,15.344756551593411,0,-0.2621887574197351,-0.7466009239159556
U0469,2024-05-30,136,8777351,64539.345588235294,0.014338235294117646,26.154411764705884,3,5,1.3862943611198906,15.987685325589492,2,2.6441825535627226,0.45060923720110135
U0470,2024-06-01,87,4379986,50344.666666666664,0.15862068965517243,19.666666666666668,1,5,0.6931471805599453,15.292556314311694,1,-0.009040361398243829,1.5100868704951427
U0471,2024-06-02,118,18466864,156498.84745762713,0.001694915254237288,28.89830508474576,0,5,0.0,16.73148860306393,2,5.434043829165645,-1.466638780490032
U0472,2024-06-02,121,8143907,67305.01652892563,0.0024793388429752063,21.40495867768595,0,5,0.0,15.912780721048515,2,2.4238652676877908,0.28023525147619976
U0473,2024-05-30,104,3681744,35401.38461538462,0.14134615384615384,13.173076923076923,3,5,1.3862943611198906,15.118897382537646,1,-0.5380652427140956,1.4604924687905827
U0474,2024-06-02,91,2564884,28185.53846153846,0.12197802197802197,15.912087912087912,0,5,0.0,14.757424201273928,1,-0.8995036189231896,1.864400665316018
U0475,2024-05-21,108,4632949,42897.67592592593,0.12037037037037036,15.00925925925926,12,5,2.5649493574615367,15.348704372197231,1,-0.15973666499037842,0.8215097487935578
U0476,2024-06-01,111,5773800,52016.21621621621,0.13468468468468467,10.972972972972974,1,5,0.6931471805599453,15.568841173768694,1,0.5395297102970701,1.1514731400082219
U0477,2024-05-21,96,7322535,76276.40625,0.010937500000000001,29.166666666666668,12,5,2.5649493574615367,15.806467274025644,2,1.7000490492546847,-0.6131770151852992
U0478,2024-06-01,87,6411812,73698.98850574713,0.01896551724137931,8.413793103448276,1,5,0.6931471805599453,15.673652628218928,0,0.7868968489772022,-0.9297114590392271
U0479,2024-06-02,99,7643332,77205.37373737374,0.016666666666666666,10.828282828282829,0,5,0.0,15.849344322554986,0,1.5806686194748099,-0.5699680294056528
U0480,2024-02-13,58,2530040,43621.379310344826,0.01982758620689655,14.96551724137931,110,4,4.709530201312334,14.743746066105992,3,-2.111569781192572,-1.4274796615564014
U0481,2024-05-26,92,2277685,24757.445652173912,0.18695652173913044,7.510869565217392,7,5,2.0794415416798357,14.638670573277718,1,-2.0855309356757212,1.6150336369846765
U0482,2024-05-30,77,3034376,39407.48051948052,0.016883116883116885,18.714285714285715,3,5,1.3862943611198906,14.925516689575925,0,-0.6773226932293906,0.046674250528171146
U0483,2024-05-31,130,7816842,60129.553846153845,0.006923076923076923,32.33076923076923,2,5,1.0986122886681096,15.871791322569406,2,2.647137693080111,0.7672808711689746
U0484,2024-05-24,88,4222155,47979.03409090909,0.15681818181818183,24.136363636363637,9,5,2.302585092994046,15.255856456020915,1,-0.2323916457115959,1.2736434184795378
U0485,2024-05-27,82,7332467,89420.32926829268,0.020121951219512196,17.658536585365855,6,5,1.9459101490553132,15.807822715691932,0,1.2770158831182314,-1.3237550009454957
U0486,2024-03-22,82,3595293,43845.03658536585,0.020731707317073172,8.573170731707316,72,5,4.290459441148391,15.095136326043809,3,-1.3799337002008056,-1.3087693371119171
U0487,2024-05-31,104,4761922,45787.71153846154,0.0875,14.403846153846153,2,5,1.0986122886681096,15.376162136221607,1,0.2306193272573444,0.7918736315848424
U0488,2023-04-03,26,1150469,44248.807692307695,0.01346153846153846,19.23076923076923,426,4,6.056784013228625,13.955681112498286,3,-3.782171819342617,-1.9847474585133416
U0489,2024-05-24,73,3211284,43990.191780821915,0.01917808219178082,3.7260273972602738,9,4,2.302585092994046,14.982181726529396,0,-1.4683853930273663,-1.0420464033038157
U0490,2024-05-30,87,3909780,44940.0,0.16494252873563217,16.24137931034483,3,5,1.3862943611198906,15.178991920162739,1,-0.5686225494874547,1.3518003651388706
U0491,2024-06-02,113,3370237,29825.106194690266,0.13495575221238937,18.734513274336283,0,5,0.0,15.030493922980249,1,0.005723319306557542,2.3442813053597944
U0492,2024-05-31,124,12152994,98008.01612903226,0.020161290322580645,34.36290322580645,2,5,1.0986122886681096,16.313086199431805,2,3.8453883768393924,0.004489806175294105
U0493,2024-05-25,105,11700882,111436.97142857143,0.016666666666666666,8.99047619047619,8,5,2.1972245773362196,16.27517486700573,2,2.3255881328586763,-2.0362455240700044
U0494,2024-06-01,99,3282316,33154.707070707074,0.15555555555555556,11.01010101010101,1,5,0.6931471805599453,15.004060133414585,1,-0.8024247704833872,1.7161223415617763
U0495,2023-06-29,47,3003268,63899.31914893617,0.005319148936170213,7.638297872340425,339,5,5.8289456176102075,14.915211920043257,3,-2.267240230446294,-2.8607663143061353
U0496,2024-05-19,143,10686748,74732.5034965035,0.018531468531468535,23.902097902097903,14,5,2.70805020110221,16.184515120752323,2,2.824781827443912,-0.16317524104335487
U0497,2024-06-02,90,2888456,32093.955555555556,0.1527777777777778,26.844444444444445,0,4,0.0,14.876233007473298,1,-0.31045800430880355,2.51756491381256
U0498,2023-12-02,24,1859937,77497.375,0.008333333333333333,6.791666666666667,183,5,5.214935757608986,14.436053711800483,3,-2.9444839955012667,-3.166090530535022
U0499,2024-05-25,136,11552273,84943.18382352941,0.0033088235294117647,18.941176470588236,8,5,2.1972245773362196,16.262392858670022,2,2.9082456562917445,-0.7114693885189329
U0500,2024-05-26,107,8995225,84067.52336448598,0.004672897196261682,11.626168224299066,7,5,2.0794415416798357,16.012204550120625,0,1.6862036291614828,-1.345563753405804
U0501,2024-05-29,91,8028499,88225.26373626373,0.023626373626373626,8.868131868131869,4,5,1.6094379124341003,15.898508268971877,0,1.229757246981569,-1.437805636708836
U0502,2023-05-26,27,1317621,48800.77777777778,0.007407407407407408,10.185185185185185,373,4,5.924255797414532,14.091339154731068,3,-3.862590547216971,-2.518725125645355
U0503,2024-05-30,88,5537119,62921.806818181816,0.015340909090909093,10.545454545454545,3,5,1.3862943611198906,15.52698506795603,0,0.3718074314532175,-0.8073888181734823
U0504,2024-06-02,102,1926384,18886.117647058825,0.12549019607843137,26.862745098039216,0,5,0.0,14.471155747521474,1,-0.7128376754404887,2.826334032447682
U0505,2024-05-31,84,2672810,31819.166666666668,0.13154761904761905,27.642857142857142,2,5,1.0986122886681096,14.798641285550486,1,-0.6833586658366486,1.9463318226157258
U0506,2024-05-23,87,4023383,46245.7816091954,0.03333333333333333,22.850574712643677,10,5,2.3978952727983707,15.207633897532608,0,-0.08778185136019948,0.01635141963068303
U0507,2024-06-01,88,7921032,90011.72727272728,0.023863636363636365,8.556818181818182,1,5,0.6931471805599453,15.885032184578376,0,1.3741390626295693,-1.2487036103800557
U0508,2024-06-02,56,2499753,44638.44642857143,0.010714285714285714,3.5,0,5,0.0,14.731702884996832,0,-1.585574991863185,-0.6364716721719801
U0509,2024-06-02,125,8828432,70627.456,0.0,18.744,0,5,0.0,15.993488093638028,2,2.5596216401362053,0.11065865355896605
U0510,2024-05-31,69,3913448,56716.637681159424,0.0318840579710145,13.695652173913043,2,5,1.0986122886681096,15.17992964032916,0,-0.4020201050699247,-0.4878106553090674
U0511,2024-06-02,93,6496180,69851.39784946236,0.01827956989247312,21.741935483870968,0,5,0.0,15.686725023735969,0,1.5896183033946307,0.028987107564519315
U0512,2024-05-26,87,2368564,27224.873563218393,0.1752873563218391,15.954022988505747,7,4,2.0794415416798357,14.677794844499036,1,-1.69672597029964,1.7342504772856204
U0513,2024-05-18,96,2583122,26907.520833333332,0.17552083333333335,26.260416666666668,15,5,2.772588722239781,14.764509689991845,1,-1.1141977667659095,2.1010012449992503
U0514,2024-06-02,84,3603824,42902.666666666664,0.013690476190476189,19.345238095238095,0,5,0.0,15.097506339372716,0,0.08255244216332847,0.45302099761088704
U0515,2024-05-31,85,4383577,51571.49411764706,0.020588235294117647,8.941176470588236,2,5,1.0986122886681096,15.293375843852694,0,-0.21127783642632722,-0.48945020578955295
U0516,2024-05-10,84,3097691,36877.27380952381,0.008928571428571428,15.166666666666666,23,5,3.1780538303479458,14.94616787603657,0,-1.084015150384374,-0.5791806469781349
U0517,2024-05-28,150,13147395,87649.3,0.009333333333333332,33.413333333333334,5,5,1.791759469228055,16.391734274165252,2,4.116376933178271,0.23519949386456465
U0518,2024-05-28,95,3569277,37571.336842105266,0.12842105263157894,22.652631578947368,5,5,1.791759469228055,15.087873892406016,1,-0.3620809822825866,1.454407088686014
U0519,2024-05-12,88,3019378,34311.11363636364,0.017045454545454544,21.03409090909091,21,5,3.091042453358316,14.92056173906741,0,-0.8262084681946311,-0.09316954792949392
U0520,2024-05-29,116,5226359,45054.81896551724,0.13577586206896552,15.379310344827585,4,5,1.6094379124341003,15.469225609027683,1,0.37855175515900324,1.3246983238105636
U0521,2024-05-30,86,5824480,67726.51162790698,0.006395348837209303,6.1395348837209305,3,5,1.3862943611198906,15.577580454734067,0,0.3159979697541283,-1.2313172531489878
U0522,2024-04-19,48,2773731,57786.0625,0.0,13.229166666666666,44,4,3.8066624897703196,14.83570426379824,3,-1.7561642150726682,-1.8890321436269535
U0523,2024-06-01,87,2495323,28681.873563218393,0.12413793103448277,27.701149425287355,1,5,0.6931471805599453,14.729929138456152,1,-0.6498074895955288,2.1303627438624795
U0524,2024-05-22,81,3513139,43372.08641975309,0.008641975308641974,9.950617283950617,11,5,2.4849066497880004,15.072020782432261,0,-0.9463688527383862,-0.8155968569586007
U0525,2024-05-27,123,9694889,78820.23577235773,0.0069105691056910576,15.268292682926829,6,4,1.9459101490553132,16.087109500539857,2,2.190474873285371,-0.7903066171283663
U0526,2023-12-25,63,5078198,80606.31746031746,0.011111111111111112,17.555555555555557,160,5,5.081404364984463,15.440467229135857,3,-0.40096269763662057,-2.381006700638405
U0527,2024-06-02,92,3836932,41705.782608695656,0.022282608695652174,6.978260869565218,0,5,0.0,15.160183907518125,0,-0.26262129765926123,0.12135726381572204
U0528,2024-05-29,103,3429730,33298.34951456311,0.1388349514563107,11.70873786407767,4,4,1.6094379124341003,15.047992390410693,1,-0.7899378101140069,1.3512538287567182
U0529,2024-05-25,84,3258940,38796.90476190476,0.013690476190476189,12.214285714285714,8,5,2.1972245773362196,14.996912853943028,0,-0.9124636479932624,-0.41803041193354556
U0530,2024-05-22,88,4803197,54581.78409090909,0.03181818181818182,11.681818181818182,11,5,2.4849066497880004,15.38479250403212,0,-0.1974764057782067,-0.721693450076376
U0531,2024-05-31,136,18724945,137683.41911764705,0.003676470588235294,24.823529411764707,2,5,1.0986122886681096,16.74536720351827,2,5.028210829671103,-1.309698255588352
U0532,2024-05-28,98,2270621,23169.602040816328,0.13316326530612246,25.693877551020407,5,5,1.791759469228055,14.6355643607346,1,-0.9894291491317321,2.106223590145368
U0533,2023-12-22,70,4538696,64838.514285714286,0.012142857142857143,22.52857142857143,163,5,5.099866427824199,15.328150524418598,3,-0.4888944847211366,-1.6998283103577447
U0534,2024-03-21,51,1354375,26556.37254901961,0.008823529411764706,8.882352941176471,73,5,4.304065093204169,14.118851389620435,3,-3.4716842552491736,-1.2594357250210446
U0535,2024-04-28,73,3268470,44773.561643835616,0.008904109589041096,15.397260273972602,35,5,3.58351893845611,14.999832849424044,3,-1.1767400092289488,-1.0383590062855474
U0536,2024-02-04,48,2430225,50629.6875,0.013541666666666667,15.541666666666666,119,5,4.787491742782046,14.703494815107343,3,-2.2047174986051647,-1.7708260033062704
U0537,2024-05-25,108,4218973,39064.56481481482,0.12037037037037036,6.981481481481482,8,5,2.1972245773362196,15.255102528489715,1,-0.6147566078333785,0.6841066611303984
U0538,2024-06-02,88,7578569,86120.10227272728,0.0125,8.772727272727273,0,5,0.0,15.840835085467521,0,1.4376461053780087,-1.0482407243986605
U0539,2024-03-19,77,3812981,49519.23376623377,0.02922077922077922,14.532467532467532,75,5,4.330733340286331,15.15392211813619,3,-1.075643642286603,-1.1843924116498041
U0540,2024-06-01,86,5996767,69729.8488372093,0.003488372093023256,17.941860465116278,1,5,0.6931471805599453,15.606731215392653,0,1.0666947614679658,-0.5768089491854949
U0541,2024-06-02,94,4383102,46628.744680851065,0.00851063829787234,23.617021276595743,0,5,0.0,15.293267479010751,0,0.7972923790023231,0.6137484613845997
U0542,2024-06-01,89,7642970,85876.06741573034,0.008426966292134831,19.43820224719101,1,5,0.6931471805599453,15.849296959896222,0,1.788197989324918,-0.8105880725422047
U0543,2024-05-27,78,4110324,52696.46153846154,0.011538461538461539,15.987179487179487,6,5,1.9459101490553132,15.22901265877191,0,-0.2663849105773043,-0.6372634976684878
U0544,2024-05-30,107,4183381,39097.01869158878,0.14626168224299066,13.766355140186915,3,5,1.3862943611198906,15.246630568272424,1,-0.23971620261227075,1.469176840593322
U0545,2024-06-01,98,4919225,50196.17346938775,0.1739795918367347,18.96938775510204,1,5,0.6931471805599453,15.408661759019692,1,0.28435231248501974,1.7690662416491014
U0546,2024-05-26,82,3496770,42643.53658536585,0.007926829268292683,14.902439024390244,7,5,2.0794415416798357,15.067350529200123,0,-0.637297205762383,-0.44915179448687265
U0547,2023-03-28,34,1417606,41694.294117647056,0.007352941176470588,7.5588235294117645,432,5,6.07073772800249,14.164480796744012,3,-3.9195978096247384,-2.4511119599897953
U0548,2024-06-01,142,13949869,98238.51408450704,0.00528169014084507,19.154929577464788,1,5,0.6931471805599453,16.45098074719181,2,3.8576918363994803,-0.4527750355440189
U0549,2024-05-27,97,3578529,36892.051546391755,0.005154639175257732,18.309278350515463,6,5,1.9459101490553132,15.090462659526516,0,-0.2209051578196244,0.05700712202203537
U0550,2024-05-28,105,5323306,50698.15238095238,0.12761904761904763,22.476190476190474,5,5,1.791759469228055,15.487605284735647,1,0.5710509880804415,1.2125095660760226
U0551,2024-05-31,96,2459856,25623.5,0.1546875,10.947916666666666,2,5,1.0986122886681096,14.715613776137626,1,-1.4403575982029082,1.7722591083684696
U0552,2024-06-02,98,2067269,21094.581632653062,0.13163265306122449,19.959183673469386,0,5,0.0,14.54173945422621,1,-0.9907560910989754,2.453630504336187
U0553,2024-06-02,91,2465054,27088.505494505494,0.1554945054945055,19.417582417582416,0,5,0.0,14.717724677583236,1,-0.9046813420037804,2.3800402982683764
U0554,2024-05-26,108,4673464,43272.81481481482,0.027314814814814816,11.88888888888889,7,5,2.0794415416798357,15.357411324542818,0,0.07998869360132002,-0.0865744552766701
U0555,2024-05-31,96,5315220,55366.875,0.01875,21.75,2,5,1.0986122886681096,15.486085149326481,0,0.8868716322724662,0.0956832647860445
U0556,2024-06-02,101,2984234,29546.871287128713,0.11188118811881188,18.346534653465348,0,5,0.0,14.908853990556112,1,-0.3505974177628667,1.9566369261797214
U0557,2024-05-27,51,2202315,43182.64705882353,0.01666666666666667,20.980392156862745,6,5,1.9459101490553132,14.605020091872499,3,-1.548524677674017,-0.410365779382304
U0558,2024-05-28,76,4918451,64716.46052631579,0.008552631578947369,18.526315789473685,5,5,1.791759469228055,15.408504404814442,0,0.29343700850857546,-0.8325301965854628
U0559,2024-05-30,92,5580962,60662.63043478261,0.12771739130434784,4.793478260869565,3,5,1.3862943611198906,15.534871900112329,0,-0.1345316503402848,0.14072366074590517
U0560,2024-05-19,97,3496216,36043.463917525776,0.13659793814432988,17.989690721649485,14,5,2.70805020110221,15.067192084769458,1,-0.8020812787333281,1.1176259048156036
U0561,2024-05-28,78,4479658,57431.51282051282,0.004487179487179488,13.705128205128204,5,5,1.791759469228055,15.315057485422765,0,-0.11839917331023968,-0.8802030165592595
U0562,2024-05-28,92,3775353,41036.44565217391,0.12010869565217393,6.010869565217392,5,5,1.791759469228055,15.144004711103115,1,-0.9965507821428293,0.5061946454310061
U0563,2024-05-30,82,3866614,47153.829268292684,0.016463414634146342,10.012195121951219,3,5,1.3862943611198906,15.167890005250245,0,-0.5144533939538877,-0.4909113938031942
U0564,2024-05-30,102,3633441,35621.970588235294,0.12745098039215685,22.666666666666668,3,5,1.3862943611198906,15.1056909663409,1,-0.1389166470801786,1.7119678238404776
U0565,2024-06-01,141,11188239,79349.21276595745,0.00425531914893617,30.46808510638298,1,5,0.6931471805599453,16.230373784629144,2,3.698124721680202,0.46336301692821347
U0566,2024-02-28,64,3922685,61291.953125,0.0015625,10.6875,95,5,4.564348191467836,15.182287181203142,3,-1.2274297705645427,-2.14136203152123
U0567,2024-05-11,84,1871618,22281.166666666668,0.02142857142857143,15.666666666666666,22,5,3.1354942159291497,14.442314389664494,3,-1.9613064379201721,0.021801188178013867
U0568,2024-06-02,98,3578690,36517.244897959186,0.13010204081632654,19.316326530612244,0,5,0.0,15.09050764905528,1,-0.07157951091186916,1.9362048015174445
U0569,2024-05-31,96,4946126,51522.145833333336,0.005208333333333333,16.052083333333332,2,5,1.0986122886681096,15.414115404048845,0,0.5138628564451113,-0.18941056294578915
U0570,2024-05-25,106,2761604,26052.867924528302,0.10141509433962265,25.32075471698113,8,5,2.1972245773362196,14.831322590414219,1,-0.5550883902001889,1.6647766639329076
U0571,2024-05-29,101,4461674,44174.9900990099,0.021782178217821784,11.07920792079208,4,5,1.6094379124341003,15.311034814029156,0,-0.021344825758129047,-0.14666514303473446
U0572,2024-05-25,93,8481338,91197.18279569893,0.010752688172043012,14.623655913978494,8,5,2.1972245773362196,15.95337889624644,0,1.5524154770329164,-1.532966413926377
U0573,2024-06-02,93,2168307,23315.129032258064,0.14139784946236558,9.494623655913978,0,5,0.0,14.58945769787186,1,-1.4815492539079094,1.9502784069947197
U0574,2024-05-12,79,5604167,70938.82278481012,0.013924050632911394,17.531645569620252,21,5,3.091042453358316,15.53902116457641,0,0.2888666970832337,-1.3360067062836787
U0575,2023-11-12,35,1288770,36822.0,0.01,14.8,203,5,5.318119993844216,14.069199609039908,3,-3.6309768974334933,-1.735168604596335
U0576,2024-06-02,116,3087798,26618.94827586207,0.17543103448275862,20.74137931034483,0,4,0.0,14.942969097334739,1,-0.11739953856534818,2.9652593809563714
U0577,2024-05-10,89,5715283,64216.66292134832,0.010112359550561799,7.078651685393258,23,5,3.1780538303479458,15.558654547764629,0,-0.07680266218351867,-1.576479048721881
U0578,2024-06-01,88,6622669,75257.60227272728,0.025,10.443181818181818,1,5,0.6931471805599453,15.706009169863066,0,0.9493798077350638,-0.8064950044857565
U0579,2024-05-29,87,5854036,67287.77011494253,0.021839080459770115,14.563218390804598,4,5,1.6094379124341003,15.582642066678634,0,0.6116083353712131,-0.7541137435438313
U0580,2024-06-02,74,3915984,52918.7027027027,0.02297297297297297,14.135135135135135,0,5,0.0,15.180577452185979,0,-0.0857365133062433,-0.0673420758254763
U0581,2024-05-28,127,13640897,107408.63779527559,0.005118110236220472,20.094488188976378,5,5,1.791759469228055,16.428583043989637,2,3.4963173380804564,-1.157791864571543
U0582,2024-05-18,91,4016834,44141.03296703297,0.011538461538461539,11.241758241758241,15,5,2.772588722239781,15.206004837068376,0,-0.578044684169162,-0.7174597802315522
U0583,2024-05-27,78,7617584,97661.33333333333,0.01217948717948718,17.025641025641026,6,5,1.9459101490553132,15.84596994829632,0,1.395866854651763,-1.6672962771523288
U0584,2024-06-02,97,2484136,25609.649484536083,0.14639175257731957,22.79381443298969,0,4,0.0,14.725435873493703,1,-0.625438293421952,2.561187004850853
U0585,2024-06-01,85,5317025,62553.23529411765,0.014117647058823528,12.258823529411766,1,5,0.6931471805599453,15.48642468245007,0,0.48472312938504425,-0.5600518048520581
U0586,2024-05-19,73,3610867,49463.931506849316,0.004794520547945205,22.54794520547945,14,5,2.70805020110221,15.099458744620524,0,-0.45054185581204337,-0.6202032917124702
U0587,2024-06-01,128,7725935,60358.8671875,0.00859375,17.7734375,1,5,0.6931471805599453,15.860093538456736,2,2.0441335164463,0.23255499484694286
U0588,2024-06-01,89,5113727,57457.606741573036,0.021348314606741574,14.146067415730338,1,5,0.6931471805599453,15.447439246089871,0,0.48522684481734085,-0.23038378280201413
U0589,2024-06-02,133,7837387,58927.721804511275,0.007518796992481203,25.458646616541355,0,5,0.0,15.874416173550074,2,2.6301438822667027,0.8744688706251565
U0590,2024-05-20,100,2640086,26400.86,0.134,19.3,13,5,2.639057329615259,14.786322429124965,1,-1.176596022388208,1.4955104730598225
U0591,2024-05-29,146,10941191,74939.66438356164,0.0030821917808219177,21.068493150684933,4,5,1.6094379124341003,16.20804530697509,2,3.080225079254654,-0.06881593761858848
U0592,2024-04-13,47,1478676,31461.191489361703,0.02340425531914894,5.702127659574468,50,5,3.9318256327243257,14.206658327037594,3,-3.453239270371501,-1.3310946862386939
U0593,2024-06-02,137,11818319,86265.10218978103,0.01861313868613139,21.795620437956206,0,5,0.0,16.285161427860825,2,3.5504832256159258,0.21506389148612415
U0594,2024-06-02,88,4768409,54186.46590909091,0.010795454545454546,19.90909090909091,0,5,0.0,15.377523473963286,0,0.7506422397106186,0.20253067301706434
U0595,2024-05-23,141,9500471,67379.22695035461,0.0017730496453900709,20.581560283687942,10,5,2.3978952727983707,16.066852039547076,2,2.4666280829827776,-0.22803554534644976
U0596,2024-05-22,84,4400034,52381.357142857145,0.005357142857142857,9.75,11,5,2.4849066497880004,15.297123053402307,0,-0.44114387437760055,-1.0573035409152713
U0597,2024-06-01,126,15813503,125503.99206349206,0.009126984126984128,31.849206349206348,1,5,0.6931471805599453,16.576374816507496,2,4.756022634046438,-0.6861977506854526
U0598,2024-05-30,106,4684866,44196.84905660377,0.1169811320754717,20.349056603773583,3,5,1.3862943611198906,15.359848084777846,1,0.33917718588702994,1.322190615693328
U0599,2024-05-25,86,3328544,38704.0,0.14651162790697675,9.94186046511628,8,5,2.1972245773362196,15.018045829534932,1,-1.305606205127573,0.8046445877300615
U0600,2024-05-27,100,4107327,41073.27,0.175,21.7,6,5,1.9459101490553132,15.228283253397196,1,-0.2245380162500954,1.785881763966459
U0601,2024-06-02,83,4235870,51034.57831325301,0.01927710843373494,11.602409638554217,0,5,0.0,15.259099531981933,0,0.05790201220914409,-0.060642117830294544
U0602,2024-06-02,102,2817476,27622.313725490196,0.1196078431372549,22.58823529411765,0,5,0.0,14.851352361597442,1,-0.2697628354156028,2.2906251458986264
U0603,2024-05-14,93,5663060,60893.11827956989,0.02956989247311828,23.204301075268816,19,5,2.995732273553991,15.549475116713719,0,0.6234264079945665,-0.4882551944841008
U0604,2024-06-02,91,1892630,20798.13186813187,0.11923076923076922,24.12087912087912,0,5,0.0,14.453478482505767,1,-1.0322652945858128,2.4393405225564826
U0605,2024-02-15,46,2294978,49890.82608695652,0.006521739130434784,15.73913043478261,108,5,4.6913478822291435,14.64623425110812,3,-2.2794210475473977,-1.800521091342658
U0606,2024-05-30,76,6218082,81816.86842105263,0.006578947368421052,13.947368421052632,3,5,1.3862943611198906,15.642972217855267,0,0.8033812575096128,-1.3418247233549576
U0607,2024-05-29,95,5391273,56750.242105263154,0.006842105263157895,11.736842105263158,4,5,1.6094379124341003,15.50029227859206,0,0.3916202907714341,-0.6652038386560929
U0608,2024-05-21,92,2756384,29960.695652173912,0.019021739130434784,10.717391304347826,12,5,2.5649493574615367,14.829430596569669,0,-1.2739455478164718,-0.1918406219908543
U0609,2024-05-31,81,3066510,37858.148148148146,0.012962962962962964,13.925925925925926,2,5,1.0986122886681096,14.936050991193218,0,-0.7464299691692184,-0.02497653791447001
U0610,2024-05-29,93,5098161,54818.93548387097,0.008064516129032258,8.655913978494624,4,5,1.6094379124341003,15.444390640580831,0,0.10758875643066369,-0.7650558133536512
U0611,2024-06-02,81,6255700,77230.86419753087,0.010493827160493829,16.51851851851852,0,5,0.0,15.649003765947462,0,1.2319061429567595,-0.6005734030804479
U0612,2024-02-13,84,2287340,27230.238095238095,0.0244047619047619,12.630952380952381,110,5,4.709530201312334,14.642900565519286,3,-2.118349552919391,-0.7218190303387566
U0613,2024-06-02,123,7876080,64033.170731707316,0.0020325203252032522,24.951219512195124,0,5,0.0,15.879341003096599,2,2.518191993492302,0.5388802568888763
U0614,2024-05-31,98,5888311,60084.80612244898,0.01020408163265306,11.13265306122449,2,5,1.0986122886681096,15.58847992711741,0,0.7016677867171125,-0.549752640825184
U0615,2024-05-19,58,3165592,54579.1724137931,0.010344827586206896,6.068965517241379,14,5,2.70805020110221,14.967850957779742,3,-1.5541669946972516,-1.5894371103880185
U0616,2024-06-01,100,2548698,25486.98,0.13,18.34,1,5,0.6931471805599453,14.751093590861874,1,-0.8376303354415903,2.03538071512682
U0617,2024-05-26,76,4716695,62061.77631578947,0.023026315789473683,17.789473684210527,7,5,2.0794415416798357,15.366619112447344,0,0.05682611495937782,-0.745801626552957
U0618,2024-05-30,109,3848776,35309.87155963303,0.011926605504587157,8.688073394495413,3,5,1.3862943611198906,15.163265993460938,0,-0.22847489923568742,0.06628497036629764
U0619,2024-05-31,94,2428550,25835.63829787234,0.17819148936170212,20.617021276595743,2,5,1.0986122886681096,14.702805341165092,1,-1.1343140826236282,2.396495736682832
U0620,2023-11-18,67,2251761,33608.37313432836,0.023134328358208955,15.880597014925373,197,5,5.288267030694535,14.627223578820198,3,-2.3524680652025864,-1.1553927255036531
U0621,2024-05-29,94,7053629,75038.60638297872,0.02553191489361702,19.117021276595743,4,5,1.6094379124341003,15.769052935893239,0,1.3212416586538485,-0.6185013277356227
U0622,2024-06-02,97,6780882,69906.0,0.022164948453608245,17.52577319587629,0,5,0.0,15.729617887424808,0,1.530637686720501,-0.07058115847750113
U0623,2024-06-02,92,5443519,59168.684782608696,0.01032608695652174,11.358695652173912,0,5,0.0,15.509936468403355,0,0.7165422349923325,-0.25599599007064067
U0624,2024-05-27,91,3623749,39821.41758241758,0.005494505494505495,17.516483516483518,6,5,1.9459101490553132,15.103019959218003,0,-0.31089453860222727,-0.13071793832980025
U0625,2024-05-24,95,2937172,30917.6,0.15736842105263157,22.263157894736842,9,5,2.302585092994046,14.892958112089179,1,-0.9287380867826126,1.7560010180467043
U0626,2024-06-01,92,4520882,49140.02173913043,0.013043478260869565,21.304347826086957,1,4,0.6931471805599453,15.32421788671161,0,0.5747586206673413,0.25427685877214834
U0627,2024-05-28,107,4696671,43894.121495327105,0.14205607476635512,9.57943925233645,5,5,1.791759469228055,15.362364730763241,1,-0.27068725739044164,0.9893369935742792
U0628,2024-05-31,140,11664784,83319.88571428572,0.007500000000000001,12.942857142857143,2,5,1.0986122886681096,16.27208503206335,2,2.9406940959326793,-0.5087629523853274
U0629,2024-06-01,88,2571066,29216.659090909092,0.010227272727272727,11.988636363636363,1,5,0.6931471805599453,14.759831545807346,0,-0.9623160146857611,0.3215487891389025
U0630,2024-06-02,69,3651684,52922.95652173913,0.005797101449275362,12.043478260869565,0,5,0.0,15.110699262869558,0,-0.3178020056244838,-0.384310490096188
U0631,2024-05-28,97,6060054,62474.78350515464,0.00979381443298969,10.917525773195877,5,5,1.791759469228055,15.617229433911902,0,0.6005482102639349,-0.8461874713690251
U0632,2024-05-27,81,5669837,69997.98765432098,0.016666666666666666,15.0,6,5,1.9459101490553132,15.550671103867192,0,0.4603965916173301,-1.025860229186033
U0633,2024-06-01,146,12817459,87790.81506849315,0.005821917808219178,28.986301369863014,1,5,0.6931471805599453,16.36631886190175,2,4.062849690575563,0.2823409396095751
U0634,2023-11-23,71,3611441,50865.366197183095,0.011267605633802818,5.352112676056338,192,5,5.262690188904886,15.099617696535136,3,-1.7973300337711262,-2.152411012908715
U0635,2024-04-23,34,2283092,67149.76470588235,0.007352941176470588,3.764705882352941,40,5,3.713572066704308,14.6410416605561,3,-2.502848352153301,-2.5524323830993523
U0636,2024-06-01,121,6073069,50190.652892561986,0.01487603305785124,29.231404958677686,1,5,0.6931471805599453,15.619374801241737,2,1.8961763703347385,0.9652045011476409
U0637,2024-06-02,126,10135857,80443.30952380953,0.007539682539682539,22.341269841269842,0,5,0.0,16.131589991413787,2,3.07512284803404,0.12131694209826176
U0638,2024-05-29,90,5371942,59688.24444444444,0.016666666666666666,14.2,4,5,1.6094379124341003,15.49670022599563,0,0.4212721926351057,-0.5963176567645116
U0639,2024-05-31,81,5829763,71972.38271604938,0.012962962962962964,17.864197530864196,2,5,1.0986122886681096,15.578487077232884,0,0.8543781904490798,-0.7254849615523451
U0640,2024-05-31,77,6307032,81909.50649350649,0.023376623376623377,15.792207792207792,2,5,1.0986122886681096,15.657175917913692,0,0.9416400298662261,-0.9994628741518681
U0641,2024-06-01,99,3753275,37911.868686868685,0.11868686868686869,15.505050505050505,1,5,0.6931471805599453,15.138139616580204,1,-0.2558692361794054,1.4191008803350225
U0642,2024-05-31,94,3427291,36460.54255319149,0.009042553191489363,14.553191489361701,2,5,1.0986122886681096,15.047281002946233,0,-0.33119956567464953,0.16193829721065642
U0643,2024-04-22,81,3351249,41373.444444444445,0.0037037037037037043,19.864197530864196,41,5,3.7376696182833684,15.024843968532306,3,-0.8705856567065375,-0.7537027104867854
U0644,2024-05-27,139,16343219,117577.11510791368,0.008992805755395683,19.62589928057554,6,5,1.9459101490553132,16.609323690405382,2,4.100948704644676,-1.2568375334138664
U0645,2024-01-17,49,2380095,48573.36734693877,0.0071428571428571435,10.612244897959183,137,5,4.927253685157205,14.68265138096863,3,-2.4779390608238057,-2.030348477145527
U0646,2024-05-30,92,3845309,41796.836956521736,0.1831521739130435,28.206521739130434,3,5,1.3862943611198906,15.162364781859182,1,-0.07069289903522154,2.203186084632553
U0647,2024-06-02,96,4466729,46528.427083333336,0.005208333333333333,19.604166666666668,0,5,0.0,15.312167155256985,0,0.693196607972007,0.4320732530939188
U0648,2024-05-29,83,4823961,58120.01204819277,0.013855421686746989,27.06024096385542,4,5,1.6094379124341003,15.389106140077867,0,0.686167334348809,-0.10213724824494771
U0649,2024-05-28,103,3307664,32113.242718446603,0.1407766990291262,9.300970873786408,5,5,1.791759469228055,15.011753060348267,1,-1.0063012197868646,1.2431198523948832
U0650,2024-06-01,87,4530385,52073.3908045977,0.014367816091954023,15.701149425287356,1,5,0.6931471805599453,15.326317703542099,0,0.28120576548370635,-0.11724542770449858
U0651,2024-05-30,71,3759917,52956.57746478873,0.011971830985915493,13.52112676056338,3,5,1.3862943611198906,15.13990770661763,0,-0.49863276010394064,-0.6591067834554539
U0652,2024-05-18,92,2410884,26205.260869565216,0.09619565217391304,27.619565217391305,15,5,2.772588722239781,14.695504457975119,1,-1.0193875133140105,1.3591873533841947
U0653,2024-06-02,102,6913799,67782.3431372549,0.011764705882352941,14.794117647058824,0,5,0.0,15.749029972230161,0,1.5254643952886706,-0.17794557450542695
U0654,2024-05-26,91,4781944,52548.83516483517,0.040109890109890106,14.725274725274724,7,5,2.0794415416798357,15.380357925470442,0,0.020427575960278006,-0.29433942790825646
U0655,2024-05-23,90,2632114,29245.71111111111,0.15833333333333333,24.622222222222224,10,5,2.3978952727983707,14.783298263481951,1,-1.1159246982238642,1.828839796915444
U0656,2024-05-25,83,5685076,68494.89156626505,0.00963855421686747,4.120481927710843,8,4,2.1972245773362196,15.553355229490176,0,-0.036244900694281455,-1.5904527414992
U0657,2024-06-02,93,3339344,35906.92473118279,0.013978494623655914,19.161290322580644,0,5,0.0,15.021285237936807,0,0.036742709597569874,0.75105960732454
U0658,2023-09-22,51,2958935,58018.333333333336,0.021568627450980395,15.666666666666666,254,4,5.541263545158426,14.900340302219746,3,-1.9473199544106221,-2.076385296922201
U0659,2024-06-01,94,7055976,75063.5744680851,0.02021276595744681,9.595744680851064,1,5,0.6931471805599453,15.769385617026263,0,1.1223370196284028,-0.8120787848113153
U0660,2024-05-22,114,10128741,88848.6052631579,0.004824561403508772,31.57894736842105,11,5,2.4849066497880004,16.130887682925835,2,2.8512276659325178,-0.6089684996217102
U0661,2024-05-29,102,5436252,53296.58823529412,0.1892156862745098,30.91176470588235,4,5,1.6094379124341003,15.508600594744832,1,0.8262145609080624,2.1361526537854756
U0662,2024-05-28,128,11152070,87125.546875,0.0078125,26.0625,5,5,1.791759469228055,16.227135778533196,2,3.1295943218097464,-0.387932013882001
U0663,2024-05-26,87,8058828,92630.20689655172,0.020114942528735632,5.804597701149425,7,5,2.0794415416798357,15.90227881856807,0,1.0096499095361435,-1.9016492583479288
U0664,2024-05-31,111,4947611,44573.07207207207,0.14279279279279278,13.927927927927929,2,5,1.0986122886681096,15.414415593898434,1,0.2292703573929694,1.4326168158756474
U0665,2024-05-30,99,3673906,37110.16161616162,0.14040404040404042,15.0,3,5,1.3862943611198906,15.116766231426485,1,-0.5302904575646544,1.4202277180645442
U0666,2024-05-30,77,2968491,38551.831168831166,0.022727272727272728,6.974025974025974,3,5,1.3862943611198906,14.903564637725449,0,-1.2489083054248722,-0.3904496078096471
U0667,2024-06-02,86,5434955,63197.151162790695,0.01744186046511628,17.162790697674417,0,5,0.0,15.508361982828504,0,0.9025819256096832,-0.10413265432622129
U0668,2024-05-30,82,3868108,47172.04878048781,0.0036585365853658543,5.134146341463414,3,5,1.3862943611198906,15.168276315096227,0,-0.6922879433511755,-0.831524732635672
U0669,2024-05-29,109,5725523,52527.733944954125,0.0036697247706422016,21.045871559633028,4,5,1.6094379124341003,15.56044463160039,0,1.0898457419236793,-0.0006197724479018329
U0670,2024-05-31,106,6542297,61719.78301886792,0.16273584905660377,7.981132075471698,2,5,1.0986122886681096,15.693799037862028,1,0.4766805249670029,0.8604600085408268
U0671,2024-05-10,55,2781539,50573.43636363636,0.022727272727272728,18.70909090909091,23,4,3.1780538303479458,14.838515289123904,3,-1.4325052816822061,-0.9819982950051052
U0672,2024-05-19,93,4213992,45311.74193548387,0.13440860215053763,8.473118279569892,14,5,2.70805020110221,15.253921212215324,1,-0.895401030507513,0.37256755477918585
U0673,2023-12-19,73,3552033,48657.98630136986,0.01780821917808219,20.205479452054796,166,4,5.117993812416755,15.083030955120458,3,-1.154767125622078,-1.3090747075705813
U0674,2024-05-28,84,1798537,21411.154761904763,0.13571428571428573,22.44047619047619,5,4,1.791759469228055,14.402484670612983,1,-1.7411004527312524,1.8743784324423358
U0675,2024-06-01,101,3286911,32543.673267326732,0.1594059405940594,21.178217821782177,1,5,0.6931471805599453,15.005459080155333,1,-0.3363686390303921,2.2452720632590477
U0676,2024-05-21,94,3843398,40887.21276595745,0.12180851063829787,17.53191489361702,12,5,2.5649493574615367,15.161867689294137,1,-0.6077714797891897,0.8244722156219081
U0677,2024-06-02,93,3842446,41316.62365591398,0.1467741935483871,14.666666666666666,0,5,0.0,15.161619961196314,1,-0.24779924009863735,1.698355467666077
U0678,2024-06-02,108,2712066,25111.722222222223,0.02175925925925926,13.36111111111111,0,5,0.0,14.81322163275201,0,-0.3752719237449505,1.0842832794469115
U0679,2024-06-02,82,5579001,68036.59756097561,0.014634146341463414,15.304878048780488,0,5,0.0,15.534520465314785,0,0.871470840065828,-0.3803345883060309
U0680,2024-05-24,87,6110027,70230.19540229885,0.014942528735632184,14.597701149425287,9,5,2.302585092994046,15.625441913788668,0,0.5876038788809551,-1.1024386339407397
U0681,2024-05-31,103,9623544,93432.46601941748,0.007281553398058253,9.54368932038835,2,5,1.0986122886681096,16.079723257879795,0,1.985984145846416,-1.38282755186421
U0682,2024-06-02,87,2202462,25315.655172413793,0.18160919540229886,23.862068965517242,0,5,0.0,14.605086837559424,1,-1.03176950081012,2.837898324963448
U0683,2024-06-01,149,9270258,62216.4966442953,0.002684563758389262,24.348993288590606,1,5,0.6931471805599453,16.04232187674181,2,3.0430009321633538,0.7014160025870559
U0684,2024-05-29,100,4542426,45424.26,0.0035000000000000005,21.95,4,4,1.6094379124341003,15.328972008677543,0,0.5278335913879836,0.10845930099279749
U0685,2024-06-01,100,7962502,79625.02,0.013000000000000001,12.78,1,5,0.6931471805599453,15.890253955628577,0,1.6403542024605222,-0.7755664371399799
U0686,2024-06-02,114,3873683,33979.67543859649,0.17631578947368423,21.149122807017545,0,5,0.0,15.169716550184837,1,0.26501808170955193,2.7449926311829898
U0687,2024-05-27,81,2697568,33303.30864197531,0.14814814814814814,16.012345679012345,6,5,1.9459101490553132,14.807861555027321,1,-1.446944495850631,1.2580728067426972
U0688,2024-05-18,86,3009041,34988.848837209305,0.027906976744186046,17.441860465116278,15,5,2.772588722239781,14.917132313640392,0,-0.9753078058991723,-0.09245267399466393
U0689,2024-05-09,95,3231337,34014.073684210525,0.14263157894736841,22.526315789473685,24,5,3.2188758248682006,14.98840685091059,1,-0.9070701435745094,1.254184068248148
U0690,2024-05-27,86,2809733,32671.31395348837,0.16511627906976745,9.034883720930232,6,5,1.9459101490553132,14.848600374907498,1,-1.6570031432362933,1.19434841506977
U0691,2024-05-23,92,2877600,31278.260869565216,0.13260869565217392,15.858695652173912,10,5,2.3978952727983707,14.872467518875306,1,-1.2431476362023284,1.1549420322347463
U0692,2024-06-02,88,4359569,49540.556818181816,0.1465909090909091,4.784090909090909,0,5,0.0,15.287883986608355,1,-0.4745666695090351,0.9802841327649093
U0693,2024-05-25,96,4340511,45213.65625,0.02135416666666667,14.822916666666666,8,4,2.1972245773362196,15.283502871468627,0,-0.10355976667426946,-0.2552066048896953
U0694,2024-06-02,90,3489127,38768.07777777778,0.005,11.422222222222222,0,5,0.0,15.065162406225692,0,-0.23303909058631786,0.20479319198106183
U0695,2024-03-24,60,2154407,35906.78333333333,0.019166666666666665,19.783333333333335,70,5,4.2626798770413155,14.583026533803489,3,-2.098776121726543,-0.8516421693643392
U0696,2024-06-02,137,11422499,83375.90510948905,0.012408759124087591,28.401459854014597,0,5,0.0,16.251095652419565,2,3.758448233369038,0.5137282475257366
U0697,2024-05-23,125,6809050,54472.4,0.0012000000000000001,24.888,10,5,2.3978952727983707,15.733763314523703,2,1.6708359430483672,0.06387498149423355
U0698,2024-06-02,92,4252367,46221.38043478261,0.011956521739130435,13.369565217391305,0,5,0.0,15.262986562206011,0,0.2542358789418487,0.1813640481921191
U0699,2024-05-26,78,5099086,65372.89743589744,0.03717948717948718,5.9743589743589745,7,5,2.0794415416798357,15.444572062060788,0,-0.2986347186348768,-1.1871293142930033
U0700,2024-05-27,137,10478506,76485.44525547445,0.0014598540145985403,33.07299270072993,6,5,1.9459101490553132,16.16483676487646,2,3.3246269339589567,0.18390488055562515
U0701,2024-06-02,83,3041097,36639.72289156626,0.012650602409638554,19.867469879518072,0,5,0.0,14.927729192381616,0,-0.23507849203948433,0.6265685810571964
U0702,2024-06-02,139,14390747,103530.55395683453,0.014388489208633094,37.31654676258993,0,5,0.0,16.48209605805465,2,4.8586162754641915,0.4865149686129116
U0703,2024-06-01,97,2539056,26175.835051546394,0.12989690721649483,11.938144329896907,1,5,0.6931471805599453,14.747303310218202,1,-1.171688088509854,1.6924456479366041
U0704,2024-06-01,96,1820241,18960.84375,0.16614583333333333,21.895833333333332,1,5,0.6931471805599453,14.414480017246612,1,-1.3844648310025864,2.714812200496627
U0705,2024-05-30,82,1928200,23514.634146341465,0.009146341463414634,15.963414634146341,3,5,1.3862943611198906,14.472098001830684,0,-1.5128804165972793,0.3825305532189473
U0706,2024-05-24,93,3318128,35678.79569892473,0.017204301075268817,7.408602150537634,9,5,2.302585092994046,15.01491162781944,0,-1.0054910326282285,-0.4302935395115173
U0707,2024-06-02,128,10342608,80801.625,0.000390625,23.640625,0,5,0.0,16.15178271630012,2,3.224408412251585,0.126915112484484
U0708,2024-05-31,94,4051707,43103.265957446805,0.01170212765957447,12.72340425531915,2,5,1.0986122886681096,15.214649078575357,0,-0.09154799523335713,-0.0759610346737642
U0709,2024-03-28,40,1681213,42030.325,0.01,4.65,66,4,4.204692619390966,14.335026709463627,3,-3.3112934454230447,-1.9503244818927825
U0710,2024-05-29,93,4676025,50279.83870967742,0.0032258064516129037,20.408602150537636,4,5,1.6094379124341003,15.357959161866592,0,0.4432648634471893,-0.17724953853915218
U0711,2024-01-02,64,4366807,68231.359375,0.03671875,12.515625,152,5,5.030437921392435,15.289542865391702,3,-1.0816498176826967,-2.030191316418167
U0712,2024-06-02,92,7538563,81940.90217391304,0.02065217391304348,10.097826086956522,0,5,0.0,15.835542270917676,0,1.4683748990624657,-0.7628808046327515
U0713,2024-06-01,93,3639548,39134.92473118279,0.021505376344086023,20.591397849462364,1,5,0.6931471805599453,15.107370330837647,0,0.0903536962153579,0.5861557279434355
U0714,2024-06-01,105,9164646,87282.34285714285,0.019523809523809523,13.60952380952381,1,5,0.6931471805599453,16.030863922420345,2,2.082244727907827,-0.7920969914345273
U0715,2024-06-01,108,4287963,39703.36111111111,0.17083333333333334,27.25,1,5,0.6931471805599453,15.271322586175144,1,0.49820752489686027,2.5108043441394114
U0716,2024-05-17,107,2648789,24755.03738317757,0.17242990654205606,26.897196261682243,16,5,2.833213344056216,14.789613489913574,1,-0.8712117545054151,2.2879469053083383
U0717,2024-05-25,104,4270148,41059.11538461538,0.15625,7.778846153846154,8,5,2.1972245773362196,15.267159279209588,1,-0.7080507464752859,0.9634219691569126
U0718,2024-05-31,90,3406552,37850.57777777778,0.15444444444444444,13.933333333333334,2,5,1.0986122886681096,15.041211487565947,1,-0.8154901391787351,1.4651019387229234
U0719,2024-05-08,66,4338474,65734.45454545454,0.020454545454545454,15.545454545454545,25,4,3.258096538021482,15.283033461838816,0,-0.5296526999831093,-1.432818184933543
U0720,2024-02-20,29,1761097,60727.48275862069,0.010344827586206898,6.586206896551724,103,4,4.6443908991413725,14.38144803612868,3,-3.128079338887258,-2.5535333786047083
U0721,2024-06-02,89,3136342,35239.79775280899,0.0904494382022472,19.730337078651687,0,5,0.0,14.958568029471426,1,-0.31605547817296387,1.4921666473937851
U0722,2024-05-22,82,4267355,52040.91463414634,0.012195121951219513,19.878048780487806,11,5,2.4849066497880004,15.26650498967192,0,-0.10166034990667841,-0.5590418825798025
U0723,2024-06-01,102,4370667,42849.67647058824,0.11029411764705882,19.03921568627451,1,5,0.6931471805599453,15.29042641580171,1,0.2603641567520996,1.3954480407499144
U0724,2024-05-30,108,3492521,32338.15740740741,0.14444444444444443,17.13888888888889,3,5,1.3862943611198906,15.066134669306013,1,-0.4103113740790619,1.8053347571968776
U0725,2024-05-11,74,2991165,40421.14864864865,0.010135135135135136,20.85135135135135,22,5,3.1354942159291497,14.911173835904858,3,-1.0114631276206836,-0.5201355376177771
U0726,2024-06-01,96,5780668,60215.291666666664,0.011458333333333334,4.25,1,5,0.6931471805599453,15.570029977895384,0,0.4255306390732474,-0.7459832124792448
U0727,2023-12-03,29,1378146,47522.275862068964,0.02413793103448276,13.344827586206897,182,5,5.209486152841421,14.13625040120875,3,-3.543514410557274,-1.955477410744673
U0728,2023-09-27,47,2056087,43746.53191489362,0.030851063829787233,17.51063829787234,249,5,5.521460917862246,14.536315706197653,3,-2.680093324072981,-1.566279308519198
U0729,2024-06-01,94,5778442,61472.78723404255,0.009042553191489363,10.861702127659575,1,5,0.6931471805599453,15.569644827197386,0,0.7033797986932541,-0.534127285150559
U0730,2024-05-30,105,2743733,26130.790476190476,0.1480952380952381,12.923809523809524,3,5,1.3862943611198906,14.824830324353536,1,-1.0715882245246398,1.8050973635362886
U0731,2024-05-20,99,4133754,41755.09090909091,0.1505050505050505,7.202020202020202,13,5,2.639057329615259,15.234696752832896,1,-0.945187046220895,0.6651577574165868
U0732,2024-05-19,106,3771002,35575.49056603773,0.14575471698113207,17.443396226415093,14,5,2.70805020110221,15.142851571785126,1,-0.5810126900484845,1.3101041301765193
U0733,2024-05-27,105,2250663,21434.885714285716,0.17952380952380953,8.942857142857143,6,5,1.9459101490553132,14.626735841754995,1,-1.776811252763478,1.919692152732509
U0734,2024-05-30,106,7941481,74919.6320754717,0.15566037735849056,14.056603773584905,3,5,1.3862943611198906,15.887610465680453,1,1.1877186763228427,0.650295692117219
U0735,2024-05-31,147,11579490,78772.04081632652,0.00510204081632653,20.408163265306122,2,5,1.0986122886681096,16.264746074048077,2,3.322585405289537,-0.0005539640135386836
U0736,2024-05-31,141,13618102,96582.28368794326,0.009929078014184396,25.54609929078014,2,5,1.0986122886681096,16.426910568515318,2,3.952604607304471,-0.22432820597525746
U0737,2024-04-01,32,1574668,49208.375,0.0171875,16.28125,62,5,4.143134726391533,14.269555649425271,3,-2.909699668190645,-1.5964040552358643
U0738,2024-05-17,64,3817534,59648.96875,0.0046875,24.1875,16,5,2.833213344056216,15.15511548433676,0,-0.32840612497801774,-0.9474719160819169
U0739,2024-05-31,89,2335876,26245.79775280899,0.17415730337078653,15.134831460674157,2,5,1.0986122886681096,14.663897967434389,1,-1.5062727867543162,2.0406907508188805
U0740,2024-05-30,138,16734626,121265.40579710146,0.009057971014492754,21.55072463768116,3,5,1.3862943611198906,16.632990603762497,2,4.388753300729528,-1.0971527495516233
U0741,2024-05-26,82,6460179,78782.67073170732,0.023170731707317073,14.378048780487806,7,5,2.0794415416798357,15.681167739147687,0,0.7352108500500351,-1.2292491961598728
U0742,2024-05-31,98,3667163,37420.0306122449,0.1739795918367347,23.102040816326532,2,5,1.0986122886681096,15.11492916926039,1,-0.22058447175284712,2.1715729417906857
U0743,2024-06-01,81,3902984,48184.98765432099,0.011728395061728396,13.135802469135802,1,5,0.6931471805599453,15.177252202957826,0,-0.20197818095510436,-0.22736743607181686
U0744,2024-05-14,98,2334317,23819.561224489797,0.1826530612244898,18.887755102040817,19,5,2.995732273553991,14.663230329334521,1,-1.641247086159054,1.9011138585165057
U0745,2024-05-27,90,4151128,46123.64444444444,0.17833333333333334,13.044444444444444,6,5,1.9459101490553132,15.238890903401252,1,-0.711103204947449,1.176304646137683
U0746,2024-06-02,117,6834779,58416.91452991453,0.005128205128205128,7.564102564102564,0,5,0.0,15.737534840350769,0,1.3449944813938215,-0.13694392473004036
U0747,2024-05-29,74,2554062,34514.35135135135,0.021621621621621623,13.486486486486486,4,5,1.6094379124341003,14.753195982459115,0,-1.3290812567245995,-0.10273389428095454
U0748,2024-05-30,88,5744002,65272.75,0.019886363636363636,8.284090909090908,3,5,1.3862943611198906,15.563666911994183,0,0.35038357498946354,-0.920707671575007
U0749,2024-05-31,80,3659198,45739.975,0.016875,12.6125,2,4,1.0986122886681096,15.112754828966839,0,-0.4731503572290017,-0.2710238041591597
U0750,2024-05-23,71,9153148,128917.57746478873,0.01056338028169014,10.704225352112676,10,5,2.3978952727983707,16.02960853105011,0,1.717739136945344,-2.8864672225482044
U0751,2024-05-25,83,2623838,31612.506024096387,0.027710843373493978,17.662650602409638,8,4,2.1972245773362196,14.7801490704564,0,-1.12812976294301,0.1524461273082378
U0752,2024-02-03,52,2496437,48008.403846153844,0.018269230769230767,12.403846153846153,120,5,4.795790545596741,14.730375473845736,3,-2.2931618751833502,-1.7590630734980552
U0753,2024-05-30,124,6835764,55127.12903225807,0.004838709677419356,24.274193548387096,3,5,1.3862943611198906,15.737678945798168,2,1.8536506332955638,0.3503595468807508
U0754,2024-06-02,93,6465980,69526.66666666667,0.005376344086021506,24.333333333333332,0,5,0.0,15.682065298815935,0,1.725849445789289,0.025250950464930186
U0755,2024-05-09,79,5161949,65341.126582278484,0.02405063291139241,16.531645569620252,24,5,3.2188758248682006,15.456824973045633,0,-0.018108162397354667,-1.1838481488785872
U0756,2024-01-16,52,2230050,42885.57692307692,0.02403846153846154,22.384615384615383,138,5,4.9344739331306915,14.617535013129945,3,-2.136383212627767,-1.1684425058749277
U0757,2024-05-27,89,5605053,62978.12359550562,0.007865168539325841,18.269662921348313,6,5,1.9459101490553132,15.539179248697117,0,0.6427850892333987,-0.6991457258389695
U0758,2024-06-01,107,3275887,30615.766355140186,0.17710280373831774,21.85981308411215,1,5,0.6931471805599453,15.002099535336486,1,-0.26916061779273137,2.5813970450748025
U0759,2024-05-27,91,6098912,67021.01098901099,0.01978021978021978,9.461538461538462,6,4,1.9459101490553132,15.623621116543307,0,0.4470812299942808,-1.0462010078506891
U0760,2024-04-23,35,1405316,40151.885714285716,0.008571428571428572,15.057142857142857,40,5,3.713572066704308,14.155773458076792,3,-3.0951121990650723,-1.3419708957499836
U0761,2024-06-01,142,14767922,103999.45070422535,0.0,19.514084507042252,1,5,0.6931471805599453,16.507968021735014,2,4.06965748905506,-0.6203774837683426
U0762,2024-06-01,90,4590023,51000.25555555556,0.011666666666666667,13.6,1,5,0.6931471805599453,15.339395810781228,0,0.25404390109650843,-0.17194636834218027
U0763,2024-06-02,75,3477215,46362.86666666667,0.014,18.413333333333334,0,5,0.0,15.061742531579888,0,-0.1223436939833379,0.21606458987541863
U0764,2024-01-01,72,3811016,52930.77777777778,0.021527777777777778,15.125,153,5,5.0369526024136295,15.153406640617499,3,-1.2230629362703076,-1.5942932851923295
U0765,2024-06-02,81,2586596,31933.283950617282,0.09506172839506173,20.246913580246915,0,5,0.0,14.765853670138902,1,-0.7652617075609637,1.5591862078993362
U0766,2024-06-01,84,7636623,90912.17857142857,0.01488095238095238,19.535714285714285,1,5,0.6931471805599453,15.848466178666083,0,1.7691160501875494,-0.9214864472323885
U0767,2024-05-31,93,5400496,58069.84946236559,0.17204301075268819,9.24731182795699,2,4,1.0986122886681096,15.502001544336391,1,-0.06504274977965584,0.9345597364337517
U0768,2024-06-01,92,4930670,53594.239130434784,0.008695652173913044,12.956521739130435,1,4,0.6931471805599453,15.410985642234037,0,0.41142748208925994,-0.2714056669764084
U0769,2024-05-23,108,3310236,30650.333333333332,0.014814814814814815,15.324074074074074,10,5,2.3978952727983707,15.01253034599846,0,-0.45822444489346603,0.20223575412463218
U0770,2024-05-24,101,2993255,29636.188118811882,0.10396039603960396,14.198019801980198,9,5,2.302585092994046,14.911872316087228,1,-1.0130602577626218,0.9927506078359513
U0771,2024-05-28,101,3762034,37247.86138613861,0.016831683168316833,10.158415841584159,5,5,1.791759469228055,15.14047059236177,0,-0.4246831163464857,-0.10132095232836637
U0772,2024-05-24,91,9001450,98917.03296703297,0.0016483516483516486,8.934065934065934,9,5,2.302585092994046,16.01289634452781,0,1.4868574567402368,-2.1078009304276097
U0773,2024-05-21,93,8097318,87067.93548387097,0.00967741935483871,4.634408602150538,12,5,2.5649493574615367,15.907043577199843,0,0.9007720794110781,-1.999803759189774
U0774,2024-03-28,61,3884038,63672.75409836065,0.013934426229508199,18.19672131147541,66,4,4.204692619390966,15.172386149537585,3,-0.8805852602586626,-1.6712152158394058
U0775,2024-05-21,95,2578491,27142.01052631579,0.17578947368421052,14.821052631578947,12,5,2.5649493574615367,14.76271528988932,1,-1.5878896043760669,1.6424518503741508
U0776,2024-06-02,90,2329072,25878.577777777777,0.17555555555555558,17.3,0,5,0.0,14.6609808922997,1,-1.1625560987151413,2.508114897896768
U0777,2024-06-01,89,5353017,60146.25842696629,0.019662921348314606,4.269662921348314,1,5,0.6931471805599453,15.493171071970275,0,0.1649776567501427,-0.7498864867737604
U0778,2024-06-01,84,8221756,97878.04761904762,0.01904761904761905,18.214285714285715,1,5,0.6931471805599453,15.922294491150373,0,1.9258084615739348,-1.1001061497303881
U0779,2024-04-03,52,3119116,59983.0,0.0375,22.423076923076923,60,5,4.110873864173311,14.953060506909466,3,-1.257852034841945,-1.2269602488908624
U0780,2024-05-28,139,10481801,75408.64028776978,0.0028776978417266188,20.892086330935253,5,5,1.791759469228055,16.16515116864094,2,2.8435740371290787,-0.239995753178474
U0781,2024-05-20,94,6285787,66870.0744680851,0.022872340425531913,2.478723404255319,13,5,2.639057329615259,15.653801770031185,0,0.0763120583600456,-1.4942417767804363
U0782,2024-06-01,89,5971086,67090.85393258427,0.0044943820224719105,11.325842696629213,1,5,0.6931471805599453,15.602439545846696,0,0.7805111833509185,-0.7580585590360285
U0783,2024-05-28,88,2412143,27410.715909090908,0.18181818181818182,5.056818181818182,5,5,1.791759469228055,14.696026536539687,1,-2.0812394758918304,1.4112812304940863
U0784,2023-11-28,54,3277187,60688.648148148146,0.02962962962962963,12.648148148148149,187,5,5.236441962829949,15.002496295580698,3,-1.7982952795735199,-2.0753456569040494
U0785,2024-04-15,71,6366212,89664.95774647887,0.019014084507042256,16.239436619718308,48,5,3.8918202981106265,15.666515345265378,0,0.39640302101885216,-2.1235562362510425
U0786,2024-05-27,80,2371891,29648.6375,0.1275,12.4375,6,5,1.9459101490553132,14.679198506865875,1,-1.7906780285093422,0.9951468519542946
U0787,2024-06-02,91,5739676,63073.36263736264,0.16648351648351647,10.45054945054945,0,5,0.0,15.56291349493543,1,0.3733747434002224,1.118408750154942
U0788,2024-05-18,86,4240071,49303.151162790695,0.010465116279069767,7.941860465116279,15,5,2.772588722239781,15.260090808196038,0,-0.6595662651314081,-1.0709551273292406
U0789,2024-06-02,127,10137504,79822.86614173229,0.013779527559055118,25.976377952755904,0,5,0.0,16.131752470623933,2,3.2261666506421998,0.3705072062660559
U0790,2024-05-24,99,4130366,41720.868686868685,0.1691919191919192,24.606060606060606,9,5,2.302585092994046,15.233876822974695,1,-0.1622775825665205,1.7185696511539108
U0791,2024-05-31,102,3536851,34675.009803921566,0.14558823529411766,22.80392156862745,2,5,1.0986122886681096,15.078747623942071,1,-0.1686275340111011,2.009640299142892
U0792,2023-09-21,57,2493505,43745.70175438596,0.014912280701754387,11.719298245614034,255,5,5.545177444479562,14.729200310221685,3,-2.4600537657318817,-1.8867047580644494
U0793,2024-06-02,98,4408751,44987.255102040814,0.008673469387755102,12.683673469387756,0,5,0.0,15.299102214175619,0,0.3778025552288275,0.2265830513575336
U0794,2024-05-12,92,2953234,32100.369565217392,0.12608695652173912,14.880434782608695,21,5,3.091042453358316,14.898411737647779,1,-1.374681186919894,0.8128909522407943
U0795,2024-05-28,87,3736491,42948.1724137931,0.015517241379310346,14.241379310344827,5,5,1.791759469228055,15.13365776130911,0,-0.43409219832318796,-0.26462855712628996
U0796,2024-05-31,91,3724834,40932.241758241755,0.16758241758241757,20.87912087912088,2,5,1.0986122886681096,15.130533113512717,1,-0.3609472004125258,1.8268351356024755
U0797,2024-05-25,98,3077256,31400.571428571428,0.16020408163265307,23.255102040816325,8,5,2.1972245773362196,14.939549173728262,1,-0.7423987196541071,1.8826788081311603
U0798,2024-05-23,71,3089443,43513.281690140844,0.01056338028169014,11.23943661971831,10,5,2.3978952727983707,14.943501697408553,0,-1.234499535970217,-0.8337552288323622
U0799,2024-05-26,102,6452301,63257.85294117647,0.014705882352941176,8.029411764705882,7,5,2.0794415416798357,15.679947524323383,0,0.5922854120667072,-0.9695891399224706
